1540452139.000000, 1540452139.000000, 1540452139.000000
32.000000, 32.000000, 32.000000
28,-87,12
29,-78,15
29,-44,20
29,-37,22
29,-46,17
21,-69,8
18,-70,5
20,-61,7
10,-57,4
27,-43,11
23,-43,7
26,-43,8
23,-46,9
24,-47,10
24,-46,14
24,-45,14
25,-50,15
26,-58,14
26,-72,12
27,-73,12
27,-81,9
29,-88,10
30,-75,10
31,-48,11
26,-41,8
27,-49,0
25,-63,-1
27,-79,0
17,-71,-1
19,-63,2
19,-53,1
19,-52,0
18,-53,-2
17,-52,-3
18,-52,-1
17,-52,1
18,-50,2
19,-56,2
20,-60,2
19,-64,3
18,-63,3
24,-72,4
27,-77,4
29,-80,8
31,-71,11
30,-46,16
25,-40,15
22,-48,10
21,-69,5
19,-75,5
17,-64,5
26,-58,11
25,-52,14
26,-50,15
26,-48,13
22,-48,10
21,-51,8
22,-63,6
21,-69,5
18,-69,3
16,-63,3
17,-55,4
17,-55,2
17,-56,-1
19,-57,-1
20,-56,0
21,-55,1
20,-56,1
20,-60,0
20,-61,0
21,-65,1
21,-71,0
21,-69,0
21,-61,1
21,-56,2
22,-57,3
22,-58,2
23,-64,2
24,-64,2
23,-64,2
23,-61,2
23,-60,2
22,-58,2
23,-58,2
21,-61,-1
22,-63,-1
22,-69,-3
23,-72,-3
22,-69,3
23,-55,7
24,-52,11
22,-60,14
19,-61,12
16,-55,14
15,-52,16
17,-50,22
18,-53,24
19,-56,24
18,-58,24
18,-56,23
19,-58,23
20,-58,22
20,-57,19
20,-56,19
21,-55,17
21,-56,16
21,-56,14
22,-56,13
23,-56,13
23,-56,11
24,-55,10
25,-56,9
26,-57,10
26,-61,10
25,-61,9
26,-60,10
25,-58,10
25,-57,10
25,-57,10
24,-58,10
25,-59,11
24,-59,11
24,-58,12
23,-57,12
22,-58,11
22,-59,10
21,-59,10
21,-58,9
21,-58,8
22,-57,6
23,-56,6
23,-56,5
24,-56,6
25,-56,6
25,-57,8
25,-58,8
25,-58,9
25,-59,10
25,-59,10
26,-58,11
26,-57,11
25,-57,10
25,-56,9
25,-57,9
25,-58,8
24,-58,8
24,-59,7
24,-58,7
23,-58,7
23,-57,6
23,-58,7
24,-58,7
24,-58,7
24,-58,8
24,-58,8
24,-59,8
24,-58,8
25,-58,8
25,-58,8
24,-58,8
24,-58,8
24,-58,7
25,-58,8
25,-58,7
24,-57,7
25,-57,6
25,-57,6
25,-57,6
25,-58,6
24,-58,6
24,-58,6
24,-58,6
23,-58,6
23,-59,7
23,-59,7
22,-59,8
22,-59,8
23,-59,8
23,-58,9
23,-58,8
24,-58,8
24,-58,7
24,-58,7
24,-58,7
24,-58,7
24,-58,7
24,-58,7
24,-58,7
24,-58,7
24,-58,7
24,-58,8
23,-58,7
23,-58,7
24,-58,7
23,-58,7
23,-58,7
23,-58,7
23,-58,8
24,-58,7
24,-58,8
24,-58,7
24,-58,6
23,-58,7
24,-58,7
23,-58,7
24,-58,7
24,-58,8
23,-58,8
22,-58,8
24,-59,8
23,-59,7
24,-58,7
24,-58,6
24,-58,6
24,-58,6
24,-58,6
24,-58,6
24,-58,7
24,-58,6
24,-58,6
24,-58,6
24,-58,6
23,-59,7
23,-58,7
23,-58,6
24,-58,7
24,-58,6
23,-59,6
23,-59,6
23,-58,6
23,-58,6
23,-59,6
23,-59,6
23,-58,6
23,-58,6
23,-58,6
23,-58,7
23,-58,6
23,-58,6
23,-58,7
23,-59,6
23,-58,7
23,-58,7
23,-59,6
23,-59,7
24,-58,6
23,-58,7
23,-58,7
24,-58,7
24,-58,7
23,-58,7
23,-58,7
23,-58,7
23,-58,7
24,-58,7
23,-58,7
23,-58,7
23,-58,7
23,-58,6
23,-58,7
23,-58,7
23,-59,7
23,-58,7
23,-58,6
23,-58,6
23,-58,7
23,-58,7
23,-58,7
23,-58,7
23,-58,7
23,-58,7
23,-58,7
23,-58,7
23,-58,6
23,-58,7
23,-59,6
23,-59,7
23,-58,7
23,-58,7
23,-58,7
23,-58,7
23,-59,7
23,-58,7
23,-58,7
23,-58,7
23,-58,7
23,-58,7
23,-58,7
24,-58,7
24,-58,7
24,-58,7
23,-59,7
23,-58,7
23,-58,7
23,-58,7
24,-58,7
23,-58,8
24,-58,7
24,-58,8
24,-59,7
24,-59,8
24,-58,8
24,-58,8
24,-58,8
23,-57,8
23,-57,7
23,-57,6
23,-57,6
23,-57,6
23,-57,6
23,-57,6
23,-57,8
23,-57,8
23,-58,8
24,-58,8
24,-58,8
25,-58,8
24,-58,8
25,-57,8
25,-57,8
24,-58,7
24,-58,7
24,-57,7
24,-58,6
24,-58,7
24,-58,6
23,-58,7
23,-58,8
23,-58,8
23,-58,8
23,-58,8
23,-58,8
23,-58,8
23,-58,7
23,-59,8
23,-59,8
23,-59,8
23,-59,8
23,-59,9
24,-58,9
24,-57,9
24,-56,9
24,-56,8
25,-56,7
25,-56,6
25,-55,6
25,-55,5
25,-54,5
25,-54,4
26,-59,3
26,-62,3
25,-61,2
26,-61,2
26,-61,2
25,-63,1
25,-61,1
26,-58,2
26,-58,3
25,-58,3
24,-58,3
24,-58,3
22,-61,2
23,-63,3
22,-64,3
23,-64,2
24,-65,3
25,-68,3
23,-65,5
24,-61,7
24,-61,7
23,-62,9
23,-59,10
21,-50,9
20,-48,9
19,-50,8
19,-54,8
20,-64,10
20,-62,10
20,-59,10
20,-53,12
21,-51,12
24,-50,14
24,-51,14
24,-55,14
23,-58,13
22,-57,13
22,-55,12
22,-55,11
23,-54,10
22,-54,9
22,-55,7
22,-57,7
23,-59,8
22,-58,7
22,-57,8
21,-58,10
20,-58,9
24,-65,11
24,-67,11
27,-76,9
26,-78,10
24,-70,10
21,-50,9
20,-48,8
19,-58,5
21,-65,5
21,-70,2
22,-69,2
19,-63,1
18,-58,2
17,-52,2
18,-50,3
19,-51,3
20,-54,3
22,-56,3
23,-57,5
23,-57,6
24,-56,8
23,-56,8
24,-57,9
25,-60,11
26,-60,11
28,-65,9
29,-73,9
28,-81,8
29,-78,10
29,-55,13
27,-44,14
24,-37,12
20,-51,8
20,-65,8
22,-75,11
21,-71,10
21,-60,12
22,-52,14
18,-47,14
18,-45,14
20,-46,15
21,-49,14
21,-51,14
22,-50,14
22,-49,13
23,-57,12
25,-62,14
26,-71,14
25,-62,15
22,-56,14
26,-60,10
27,-63,10
31,-67,10
33,-64,12
32,-58,9
28,-58,7
22,-56,5
24,-61,4
24,-66,3
23,-71,2
21,-71,2
20,-64,1
18,-62,1
18,-58,1
18,-56,1
18,-52,2
18,-51,3
17,-54,2
20,-63,1
19,-65,1
19,-59,3
22,-58,5
24,-55,9
25,-55,10
24,-59,10
22,-62,11
23,-62,11
26,-60,13
27,-58,13
27,-55,10
26,-58,9
27,-59,9
28,-57,10
28,-57,10
27,-56,9
26,-56,9
26,-57,10
26,-58,10
25,-56,10
24,-55,9
24,-59,8
25,-64,8
25,-63,9
24,-55,9
23,-53,9
21,-52,8
19,-53,8
21,-57,8
23,-63,9
22,-67,12
25,-63,15
25,-63,15
28,-57,18
28,-53,17
27,-50,16
26,-51,14
25,-52,12
25,-52,11
24,-52,10
26,-53,10
26,-54,10
26,-57,10
26,-59,10
25,-59,10
24,-58,11
24,-57,10
23,-60,9
25,-60,10
26,-66,9
27,-68,9
24,-68,8
23,-67,8
21,-60,8
20,-58,8
18,-54,7
18,-57,5
20,-59,4
21,-69,1
22,-71,0
19,-65,-1
18,-59,-1
19,-51,1
20,-50,1
20,-52,1
22,-54,2
24,-56,3
27,-60,3
28,-61,4
27,-61,6
27,-60,7
27,-58,11
25,-61,10
24,-63,11
26,-66,13
27,-67,12
28,-65,13
28,-63,13
26,-56,12
24,-59,9
21,-62,7
21,-56,6
21,-50,5
22,-46,5
22,-50,5
23,-61,8
21,-67,9
20,-61,10
21,-55,12
23,-47,17
22,-48,18
21,-48,16
24,-50,18
26,-50,19
26,-50,19
26,-51,18
27,-54,17
26,-55,15
26,-59,13
26,-64,12
29,-62,11
27,-63,9
27,-68,8
31,-78,8
27,-74,8
24,-54,10
24,-52,7
25,-57,6
18,-67,2
23,-66,5
19,-64,1
20,-59,2
20,-52,1
19,-51,1
19,-53,0
20,-54,1
22,-54,2
25,-55,4
25,-56,4
25,-58,6
24,-60,7
23,-64,8
22,-65,7
25,-72,7
28,-79,8
28,-78,9
25,-57,11
25,-45,12
21,-40,8
21,-48,6
21,-64,9
20,-65,11
25,-54,13
23,-49,11
23,-49,12
22,-49,10
23,-49,10
23,-51,9
24,-51,9
25,-50,9
27,-50,10
28,-51,10
29,-56,9
30,-60,8
31,-63,6
33,-69,5
35,-70,4
35,-68,3
36,-53,3
32,-52,4
29,-60,1
30,-77,-7
24,-77,-9
21,-63,-5
21,-58,-5
21,-52,-6
24,-55,-6
21,-59,-7
19,-61,-5
19,-60,-4
21,-57,-2
20,-58,-1
18,-59,-1
17,-62,1
15,-70,4
15,-75,5
15,-79,6
19,-68,13
19,-63,15
17,-49,17
16,-46,15
15,-54,14
16,-60,16
16,-61,16
19,-53,18
19,-49,17
18,-47,16
20,-49,16
20,-50,15
21,-51,14
23,-51,16
23,-49,15
22,-46,15
24,-51,15
25,-57,14
27,-69,13
30,-70,14
24,-65,15
31,-59,16
29,-63,7
32,-69,8
30,-61,8
28,-53,6
26,-52,4
25,-60,3
26,-67,2
26,-70,1
23,-68,-1
19,-59,-2
19,-59,-2
20,-59,-4
21,-62,-5
21,-63,-5
23,-62,-3
21,-61,-4
21,-59,-4
18,-58,-2
18,-57,-2
16,-56,-2
17,-56,2
18,-58,5
19,-59,5
20,-61,7
21,-63,8
23,-68,12
22,-71,10
19,-78,9
19,-72,12
22,-64,17
25,-49,23
26,-42,23
18,-47,13
14,-54,11
18,-65,14
19,-64,16
22,-59,20
20,-52,18
18,-50,16
16,-47,14
16,-47,13
17,-48,12
18,-49,11
21,-50,11
24,-50,12
28,-47,11
29,-44,10
30,-44,10
29,-48,8
30,-52,9
32,-59,8
35,-59,10
38,-82,12
42,-95,10
33,-96,8
28,-72,13
21,-60,15
18,-53,7
13,-61,-1
18,-67,-4
22,-68,-5
21,-58,-2
17,-49,-3
18,-49,-4
19,-51,-4
19,-52,-5
18,-53,-5
18,-53,-5
21,-52,-2
22,-53,-1
22,-57,1
23,-63,3
24,-66,5
23,-70,8
23,-79,9
26,-91,10
25,-87,9
25,-53,13
26,-40,13
24,-43,13
20,-60,8
18,-63,6
18,-58,7
19,-55,8
24,-48,9
24,-45,9
22,-43,7
19,-44,6
19,-44,6
21,-48,6
21,-50,7
23,-51,5
26,-52,6
31,-63,6
36,-72,5
31,-76,2
30,-84,4
29,-80,5
35,-59,7
37,-61,6
31,-71,3
26,-75,1
21,-72,1
18,-65,1
20,-49,3
20,-40,3
18,-40,1
19,-40,3
19,-42,2
24,-49,5
27,-53,7
27,-56,5
27,-64,5
24,-70,4
23,-76,3
24,-82,1
23,-88,4
19,-70,3
14,-56,3
13,-66,0
14,-69,-2
23,-51,4
24,-44,8
18,-37,7
18,-35,4
23,-33,6
23,-35,8
25,-43,10
30,-49,12
35,-55,14
33,-50,13
33,-55,14
33,-75,11
30,-77,9
26,-92,5
27,-91,7
36,-70,11
32,-62,8
34,-71,5
23,-78,1
19,-73,1
21,-58,5
22,-51,4
22,-43,2
21,-42,1
16,-44,-1
15,-46,-1
16,-48,-1
16,-50,0
16,-51,0
20,-62,3
21,-69,4
20,-71,8
20,-80,7
23,-76,11
24,-61,13
22,-51,12
23,-61,13
21,-72,12
19,-69,9
17,-61,8
23,-46,9
24,-41,10
22,-35,8
21,-35,8
21,-36,8
21,-40,8
23,-44,9
24,-50,10
26,-54,10
29,-72,11
29,-80,11
23,-80,4
24,-91,6
26,-82,7
35,-58,9
37,-59,10
32,-72,5
29,-79,4
15,-69,3
21,-60,9
20,-48,7
22,-42,4
17,-44,2
15,-46,2
14,-47,1
15,-51,1
16,-54,1
16,-59,3
17,-62,2
18,-73,4
20,-82,6
24,-88,9
23,-71,11
24,-55,14
20,-58,14
17,-69,11
14,-74,6
19,-56,8
22,-46,9
24,-35,9
23,-31,8
21,-31,7
21,-34,6
21,-42,6
22,-48,7
23,-56,9
28,-62,11
29,-71,13
26,-81,11
21,-82,6
21,-87,7
24,-78,9
32,-61,9
34,-67,8
30,-78,5
16,-75,1
16,-66,3
20,-48,5
20,-48,4
19,-46,2
16,-44,1
14,-42,0
16,-42,1
16,-45,1
17,-50,1
18,-55,1
20,-73,2
22,-81,4
23,-81,8
24,-89,9
23,-80,9
23,-58,12
26,-56,16
21,-78,16
15,-75,12
14,-65,5
16,-56,6
20,-39,5
20,-36,4
19,-31,3
18,-32,2
18,-34,2
20,-39,3
22,-41,4
26,-47,5
30,-52,7
38,-72,7
40,-77,4
37,-76,4
40,-81,7
42,-79,7
42,-57,10
43,-61,9
35,-77,5
33,-82,6
23,-73,6
22,-55,6
22,-50,6
20,-43,3
18,-41,2
15,-41,1
15,-43,1
15,-45,1
15,-48,1
15,-57,1
17,-73,1
18,-78,2
21,-82,7
25,-83,10
26,-76,15
25,-62,16
20,-43,14
19,-68,13
18,-76,13
17,-65,11
19,-56,10
21,-40,12
22,-35,12
19,-32,9
21,-33,8
21,-37,10
23,-46,11
23,-50,12
25,-56,11
27,-62,12
30,-80,14
28,-81,11
25,-87,7
27,-88,8
32,-73,10
35,-57,10
36,-62,9
28,-75,5
24,-77,4
19,-65,4
20,-57,5
22,-46,4
23,-43,3
17,-44,-1
15,-46,-2
16,-48,-1
18,-54,-1
17,-58,-2
17,-69,-1
17,-75,0
16,-79,2
18,-83,3
23,-75,9
22,-49,13
20,-46,14
16,-64,12
15,-73,9
15,-66,9
19,-58,10
25,-41,10
25,-36,11
22,-33,8
24,-38,10
23,-40,9
23,-47,9
22,-51,9
27,-59,12
28,-67,12
28,-83,11
23,-88,4
25,-93,7
29,-76,9
33,-60,10
38,-64,7
34,-72,4
21,-79,0
20,-70,1
21,-53,6
23,-42,4
20,-42,3
14,-44,0
13,-45,0
12,-47,1
13,-48,1
15,-52,1
17,-56,2
19,-71,2
23,-77,6
24,-82,7
28,-77,11
27,-69,14
20,-46,13
19,-55,9
19,-82,6
20,-78,6
25,-59,9
29,-43,12
27,-37,10
22,-33,8
21,-35,8
17,-39,7
20,-43,7
22,-50,9
28,-56,9
31,-65,11
32,-85,11
28,-77,8
24,-84,7
25,-80,9
31,-64,9
34,-60,9
34,-71,6
24,-80,3
16,-75,1
18,-58,5
19,-50,6
18,-43,4
16,-43,3
15,-45,2
13,-47,2
16,-53,2
16,-58,2
17,-61,3
19,-70,4
18,-71,6
20,-75,9
22,-79,10
21,-65,13
20,-51,13
19,-61,13
18,-79,15
17,-74,14
20,-54,14
20,-43,14
19,-34,13
19,-32,11
17,-36,9
23,-44,10
24,-46,10
24,-48,11
24,-50,11
28,-64,11
28,-75,11
30,-87,9
31,-89,10
38,-91,10
33,-56,12
30,-51,11
26,-56,6
23,-60,4
19,-74,6
22,-77,9
21,-66,12
19,-58,10
16,-46,6
15,-53,5
13,-53,4
15,-45,4
17,-46,4
20,-53,4
22,-54,4
24,-58,3
29,-65,5
28,-61,6
32,-76,7
30,-76,6
30,-72,8
28,-67,9
28,-47,13
28,-41,13
26,-55,12
21,-67,9
23,-65,12
26,-52,15
23,-46,14
21,-40,10
20,-40,9
20,-41,9
21,-43,9
24,-50,11
24,-54,14
24,-52,14
24,-55,15
25,-60,15
25,-77,15
26,-87,14
25,-98,13
27,-90,15
25,-67,17
17,-51,13
14,-55,8
10,-69,3
7,-69,4
11,-59,11
14,-54,13
14,-50,8
9,-51,3
10,-52,4
12,-50,5
12,-48,4
14,-48,4
15,-51,4
16,-64,2
16,-74,1
13,-69,2
17,-86,5
16,-88,6
11,-60,4
15,-56,10
14,-74,16
8,-76,10
10,-63,8
14,-54,11
19,-42,15
18,-43,12
18,-42,12
17,-47,9
23,-48,14
25,-45,15
24,-42,15
26,-50,14
28,-57,14
26,-76,9
26,-95,8
27,-102,8
26,-70,9
28,-54,9
27,-62,5
25,-70,3
16,-81,-2
13,-73,-2
17,-52,5
16,-43,3
17,-48,1
14,-48,-3
13,-50,-2
14,-52,1
15,-52,1
16,-52,1
17,-58,1
17,-64,1
18,-65,2
19,-70,3
24,-79,4
23,-83,4
23,-75,4
25,-68,7
22,-59,16
19,-66,15
19,-66,11
17,-54,13
19,-47,17
19,-43,13
19,-47,11
18,-52,7
18,-53,7
20,-49,7
20,-43,7
22,-44,8
22,-53,6
23,-60,5
24,-69,5
26,-68,5
32,-88,6
32,-90,6
30,-56,9
23,-50,11
22,-55,9
18,-82,4
22,-84,7
14,-75,7
12,-68,7
14,-59,7
15,-57,3
19,-54,3
15,-51,3
13,-48,4
12,-45,2
14,-44,1
16,-47,2
17,-46,3
17,-40,1
17,-32,0
18,-31,1
22,-41,0
25,-59,-3
33,-99,-4
32,-96,-5
37,-83,7
36,-85,13
37,-81,16
26,-53,8
23,-47,6
18,-43,5
18,-42,4
28,-40,6
31,-39,8
30,-38,12
28,-35,11
31,-39,12
32,-56,10
31,-74,9
25,-83,5
22,-82,4
20,-108,-4
25,-92,-2
26,-75,2
22,-52,1
24,-45,3
22,-38,2
19,-35,-1
17,-32,0
17,-36,1
12,-46,-4
12,-53,-4
15,-54,1
25,-73,0
27,-89,0
29,-107,-6
32,-103,-1
43,-87,24
30,-74,19
28,-48,13
27,-39,2
17,-38,1
20,-37,8
19,-35,11
22,-32,13
24,-39,14
25,-71,8
21,-83,3
14,-98,-7
19,-88,-1
26,-88,1
32,-96,-3
31,-93,-6
19,-74,-8
17,-58,-3
18,-36,1
18,-30,-1
17,-29,-4
12,-39,-6
10,-45,-5
11,-55,-5
11,-58,-5
15,-66,-6
15,-73,-6
19,-76,-2
21,-84,3
23,-73,3
26,-60,10
28,-74,15
22,-91,12
20,-83,9
17,-55,8
19,-39,8
21,-25,8
20,-22,8
20,-23,7
21,-34,5
21,-43,5
22,-56,6
25,-59,8
30,-76,10
30,-82,7
25,-90,0
25,-84,5
28,-68,7
33,-80,0
34,-87,-3
23,-86,-4
21,-75,-2
23,-49,5
26,-38,5
24,-31,0
17,-37,-2
14,-41,-1
6,-47,-3
10,-50,-2
12,-54,-4
14,-55,-5
16,-73,-5
21,-83,-3
25,-92,1
33,-65,11
35,-68,19
13,-90,8
14,-84,3
11,-62,4
13,-49,5
27,-33,9
27,-26,9
22,-25,7
16,-28,6
19,-32,6
21,-45,4
25,-52,5
30,-74,8
30,-84,7
25,-80,2
23,-89,1
25,-83,4
33,-67,5
37,-73,2
35,-85,0
27,-85,-2
20,-63,3
21,-50,8
22,-34,5
19,-31,1
18,-32,1
13,-39,0
14,-44,0
14,-55,-2
15,-60,-2
12,-75,-5
15,-77,-4
22,-76,3
28,-74,6
26,-62,7
25,-57,8
18,-79,8
18,-92,3
21,-81,5
25,-47,10
27,-33,11
24,-25,7
23,-25,5
21,-28,4
22,-38,6
21,-44,5
26,-54,9
28,-65,9
26,-83,5
22,-97,0
22,-111,2
24,-73,6
24,-66,1
34,-77,1
30,-80,0
18,-73,-1
19,-60,4
17,-41,7
17,-34,3
16,-33,0
16,-34,1
16,-37,2
14,-45,0
13,-52,-2
15,-64,-5
15,-70,-6
19,-74,-3
25,-96,3
25,-93,1
28,-58,6
30,-59,12
24,-85,12
19,-84,7
13,-65,7
15,-47,10
22,-27,8
27,-27,10
22,-29,11
9,-37,6
13,-44,7
18,-55,7
25,-60,10
28,-73,11
24,-80,3
25,-87,0
26,-83,3
28,-68,6
36,-66,5
37,-76,2
26,-87,-4
20,-81,-4
20,-55,6
24,-41,9
24,-34,5
19,-34,0
18,-34,0
15,-37,1
15,-40,0
16,-56,-3
17,-64,-3
20,-82,-4
22,-83,0
27,-82,5
22,-82,0
22,-65,1
23,-56,10
25,-74,11
19,-78,3
22,-55,5
26,-40,8
26,-27,6
24,-28,6
20,-32,4
17,-36,2
20,-44,4
21,-47,4
23,-53,5
26,-72,5
25,-86,4
23,-86,0
25,-92,2
28,-74,8
31,-65,8
33,-77,2
31,-81,0
20,-75,0
19,-55,5
22,-46,5
20,-36,2
18,-35,-1
15,-38,-2
14,-42,-1
14,-52,-3
14,-55,-3
16,-62,-3
18,-74,-2
20,-72,0
26,-81,3
25,-82,3
11,-58,7
18,-57,13
22,-83,11
9,-76,5
14,-68,10
15,-43,11
18,-35,11
20,-30,8
16,-30,8
16,-37,7
19,-42,6
22,-48,6
24,-60,6
25,-68,6
27,-81,3
25,-79,1
29,-88,4
30,-75,6
37,-62,6
39,-71,5
27,-88,1
19,-72,0
22,-60,5
26,-43,8
24,-38,7
22,-34,3
18,-35,1
15,-42,1
16,-46,1
17,-55,-1
18,-67,1
19,-75,1
22,-79,2
25,-90,3
25,-70,8
24,-54,9
19,-65,10
14,-80,7
16,-74,6
22,-53,9
24,-40,11
23,-30,7
24,-30,7
23,-34,6
26,-37,7
25,-45,6
26,-51,6
28,-55,5
32,-75,7
32,-82,5
28,-80,0
29,-87,2
32,-70,6
36,-62,5
42,-74,2
29,-82,-1
23,-77,-2
21,-57,4
25,-49,6
25,-37,4
25,-37,2
18,-40,-1
16,-42,-1
16,-50,0
18,-54,2
17,-62,1
16,-76,1
18,-76,3
21,-79,5
23,-76,8
23,-64,8
20,-51,8
22,-62,13
23,-77,10
17,-68,5
23,-47,7
25,-40,7
24,-33,6
23,-31,5
23,-32,4
26,-38,6
27,-42,6
26,-52,5
28,-59,6
31,-82,7
31,-85,6
28,-90,3
29,-91,6
32,-70,8
38,-64,8
35,-72,4
23,-83,0
19,-75,-2
23,-53,6
23,-44,7
23,-34,6
19,-34,1
17,-41,-2
15,-50,-3
14,-53,-3
17,-57,-1
16,-61,-4
19,-76,-3
20,-76,-1
24,-81,5
25,-75,6
23,-58,7
19,-62,10
20,-79,12
16,-74,8
19,-64,8
24,-39,8
24,-31,8
22,-26,6
21,-29,3
24,-37,3
22,-46,4
23,-50,4
27,-57,6
29,-65,8
31,-85,5
29,-83,3
28,-90,2
31,-73,5
35,-69,3
34,-79,-3
29,-83,-5
23,-72,-3
24,-61,0
20,-43,3
27,-35,4
14,-36,-3
13,-42,-3
13,-48,-3
15,-56,-2
16,-57,-2
16,-70,-2
17,-75,-2
21,-78,2
22,-84,2
26,-76,6
25,-52,10
22,-46,9
18,-71,7
17,-80,4
17,-65,4
20,-55,6
21,-38,7
21,-30,4
20,-31,2
19,-36,3
20,-39,3
23,-45,5
25,-48,6
26,-58,8
28,-67,8
27,-84,5
24,-90,0
26,-92,3
31,-76,8
33,-60,7
34,-61,2
30,-70,-1
21,-83,-2
19,-72,0
24,-53,5
22,-41,4
20,-38,2
16,-38,-1
15,-39,-2
16,-47,-2
17,-51,-2
16,-58,-3
18,-74,-3
20,-83,-2
21,-82,3
23,-82,5
24,-73,5
24,-66,6
18,-50,6
18,-60,6
17,-79,4
19,-62,5
21,-52,6
24,-38,8
22,-34,7
19,-31,4
19,-31,3
22,-37,4
23,-42,5
23,-50,6
26,-58,8
29,-67,9
27,-85,6
24,-83,2
22,-94,2
24,-88,4
29,-59,6
33,-60,3
32,-71,1
19,-79,-3
15,-71,-2
22,-49,5
22,-42,5
21,-38,1
18,-38,-1
14,-42,-2
15,-49,-3
16,-53,-3
15,-60,-4
17,-69,-3
18,-82,-3
19,-79,-1
25,-82,3
25,-81,3
25,-59,5
21,-46,8
19,-59,8
15,-75,0
16,-69,-1
23,-51,5
27,-43,7
24,-35,9
20,-35,8
19,-40,5
21,-44,3
23,-47,4
25,-51,4
26,-54,4
29,-71,4
28,-83,3
26,-83,-1
27,-86,-1
29,-79,4
30,-57,3
22,-64,-1
23,-72,-4
13,-77,-7
19,-61,0
19,-52,3
18,-43,2
16,-40,-2
18,-42,-2
15,-48,-1
15,-52,-1
18,-57,-1
19,-61,-1
19,-72,1
18,-77,-1
20,-74,2
24,-81,4
19,-74,3
17,-47,7
15,-47,8
18,-74,9
17,-84,6
16,-63,6
18,-50,9
24,-35,9
19,-34,5
21,-33,4
29,-41,4
21,-43,3
30,-47,8
26,-50,4
37,-57,7
34,-66,4
39,-75,3
36,-83,3
31,-83,4
38,-63,6
39,-59,7
37,-69,4
31,-74,1
24,-72,-4
22,-64,-5
25,-45,-1
23,-38,0
20,-38,-3
18,-42,-4
16,-43,-9
21,-50,-2
21,-47,-3
28,-49,3
23,-64,-1
27,-69,3
30,-83,7
28,-85,5
27,-65,2
30,-60,7
26,-80,10
24,-83,6
22,-66,1
27,-39,5
28,-36,6
27,-31,4
26,-32,5
27,-35,7
27,-39,8
28,-43,7
28,-47,6
33,-56,5
33,-74,4
31,-69,0
32,-87,3
35,-84,5
36,-67,3
41,-71,3
32,-85,-4
23,-75,-5
21,-65,-2
24,-44,5
21,-39,4
18,-35,0
10,-37,-4
12,-44,-4
11,-48,-3
14,-52,-1
18,-54,1
19,-61,0
22,-70,2
24,-71,4
27,-81,5
27,-80,5
21,-57,5
21,-64,12
24,-84,11
16,-80,4
16,-69,7
22,-44,9
24,-36,9
19,-30,7
19,-30,6
20,-34,8
19,-39,8
22,-49,6
25,-56,7
28,-62,8
31,-80,5
28,-76,2
29,-91,3
30,-87,6
32,-60,5
33,-68,2
31,-74,-1
18,-81,-7
17,-73,-5
22,-50,5
20,-44,5
19,-37,1
16,-38,-1
14,-42,-1
15,-47,0
16,-50,0
18,-60,0
19,-67,1
18,-77,1
19,-74,3
24,-81,6
25,-80,5
20,-58,4
22,-57,10
23,-70,10
16,-74,2
17,-66,2
21,-47,6
22,-40,6
20,-31,4
17,-32,3
19,-35,4
20,-44,5
22,-48,6
24,-55,8
24,-63,8
27,-86,8
25,-85,5
25,-78,3
28,-74,6
29,-63,4
33,-64,4
34,-72,3
26,-82,-2
22,-79,-3
22,-60,4
24,-50,4
17,-41,1
15,-40,-2
13,-40,-2
15,-45,-1
15,-48,-1
16,-55,0
16,-59,0
18,-74,1
19,-75,2
22,-84,3
23,-76,3
21,-59,3
20,-50,7
20,-61,8
16,-81,3
15,-73,1
23,-55,8
24,-39,8
23,-36,7
19,-35,6
18,-35,7
19,-39,8
20,-42,7
25,-49,6
27,-53,5
31,-74,5
28,-82,1
28,-81,-1
29,-89,3
29,-78,3
32,-56,4
33,-62,2
28,-75,-1
20,-80,-3
18,-66,1
23,-47,8
17,-42,5
17,-37,1
15,-39,-1
17,-42,-1
16,-45,0
16,-53,-1
17,-58,-1
20,-75,0
20,-80,1
22,-79,2
24,-83,5
22,-78,2
20,-50,6
18,-49,8
16,-71,8
13,-76,3
15,-61,5
19,-44,8
20,-38,8
17,-33,6
14,-34,6
15,-39,8
17,-42,8
21,-47,6
27,-52,7
31,-62,8
30,-85,6
26,-84,3
25,-99,4
27,-96,7
32,-64,7
34,-56,7
32,-64,4
22,-73,-1
17,-69,-3
21,-52,2
22,-46,4
19,-41,1
15,-40,-1
14,-43,-1
14,-45,-1
16,-51,0
18,-57,0
20,-61,1
18,-78,2
19,-76,3
22,-85,7
23,-84,7
22,-57,6
22,-52,8
21,-70,13
13,-72,4
16,-63,4
19,-45,7
20,-40,7
19,-33,6
19,-34,6
16,-37,6
19,-44,8
21,-47,7
24,-53,6
25,-60,6
28,-82,5
26,-82,4
26,-84,2
27,-86,6
28,-68,6
31,-65,2
33,-72,2
24,-78,-1
21,-73,-1
22,-54,5
20,-47,4
21,-36,3
18,-38,1
15,-41,0
15,-47,0
16,-50,0
18,-57,0
19,-62,1
19,-80,1
20,-82,3
23,-87,5
25,-83,5
20,-71,4
17,-47,8
16,-55,10
16,-73,9
15,-72,5
18,-53,7
20,-44,8
20,-35,7
18,-35,5
18,-37,5
19,-42,4
21,-46,6
22,-51,8
22,-52,8
29,-65,9
28,-77,8
25,-78,4
28,-96,7
28,-87,8
31,-61,8
32,-58,8
30,-70,3
21,-76,1
15,-66,-1
19,-60,3
17,-45,4
17,-38,2
16,-40,1
15,-46,0
15,-49,0
16,-53,0
18,-56,2
20,-67,2
19,-76,1
20,-74,4
24,-82,7
22,-74,7
16,-56,5
16,-48,7
22,-69,12
19,-79,10
18,-68,9
19,-47,9
18,-40,9
15,-33,6
15,-33,5
18,-36,6
19,-41,6
20,-47,6
21,-51,7
27,-58,10
29,-78,8
27,-85,6
25,-98,3
25,-97,5
28,-65,8
30,-53,7
32,-68,4
28,-74,2
16,-71,-3
19,-52,3
20,-43,6
20,-35,4
18,-35,1
16,-40,-1
15,-44,-1
17,-52,0
19,-58,1
20,-62,2
22,-79,2
24,-82,5
23,-85,6
25,-84,7
19,-72,4
17,-52,7
18,-50,11
17,-75,8
14,-75,4
18,-59,8
21,-49,9
19,-36,8
17,-34,7
16,-35,6
16,-36,5
18,-41,6
21,-46,8
22,-50,8
29,-69,9
30,-80,8
26,-79,3
26,-91,1
29,-78,6
31,-68,7
34,-68,5
28,-78,-1
21,-79,-3
16,-62,-1
20,-54,2
23,-40,6
20,-38,3
15,-38,-1
13,-46,-1
15,-49,-1
17,-51,-4
19,-54,-3
17,-73,-2
17,-82,-3
21,-84,4
23,-81,6
22,-75,5
21,-47,9
18,-53,9
14,-79,7
12,-81,5
16,-59,4
20,-48,6
21,-37,7
19,-35,5
16,-33,4
20,-39,5
20,-42,5
21,-50,5
23,-55,5
26,-72,6
26,-84,5
23,-77,2
24,-83,1
26,-79,5
29,-60,4
31,-65,3
30,-78,0
25,-80,-1
20,-65,0
21,-53,4
19,-40,6
22,-35,6
11,-40,0
13,-44,1
14,-47,0
16,-53,-3
17,-64,-2
18,-75,0
17,-79,-2
21,-75,3
22,-81,7
17,-71,5
15,-45,8
14,-51,8
23,-82,8
20,-84,6
21,-62,7
22,-50,8
20,-37,7
18,-31,3
19,-31,2
22,-34,5
24,-37,6
25,-46,8
26,-50,8
29,-63,11
30,-73,11
25,-81,5
21,-83,2
26,-94,5
32,-63,7
36,-57,7
34,-70,0
28,-80,-2
19,-72,-2
25,-51,3
24,-45,3
23,-35,2
21,-38,1
9,-41,2
9,-46,1
13,-50,-1
13,-55,-2
20,-62,3
15,-79,0
16,-82,1
23,-90,5
26,-85,7
23,-65,6
22,-49,9
20,-67,11
18,-79,9
17,-72,2
21,-50,7
24,-40,9
21,-30,9
19,-28,10
16,-30,8
17,-32,8
19,-42,7
24,-51,8
26,-58,9
30,-81,10
28,-86,8
24,-89,2
24,-99,4
27,-70,8
30,-58,8
36,-70,5
28,-81,1
18,-78,-3
29,-53,3
26,-44,7
16,-37,6
9,-38,4
9,-39,2
10,-42,2
13,-49,0
13,-55,-3
16,-64,-1
19,-83,0
18,-82,1
23,-86,5
26,-86,8
26,-60,10
24,-46,11
23,-67,15
14,-84,9
11,-71,6
16,-47,11
18,-39,12
18,-29,10
16,-28,8
14,-32,8
18,-42,9
19,-48,7
23,-57,7
25,-61,7
30,-80,7
28,-89,5
24,-81,1
26,-96,4
26,-64,6
32,-62,5
39,-68,7
32,-75,1
33,-74,-2
20,-58,6
15,-50,8
13,-38,5
13,-36,3
14,-41,2
10,-49,1
11,-53,1
12,-62,2
14,-69,2
12,-81,0
14,-81,5
17,-81,9
21,-83,9
16,-57,8
18,-56,13
18,-72,15
13,-76,10
14,-65,9
18,-46,10
20,-39,10
18,-30,7
17,-30,6
19,-33,7
23,-41,9
22,-47,9
23,-54,11
25,-60,13
26,-79,12
26,-81,11
23,-94,6
28,-86,11
29,-68,12
35,-62,9
32,-71,6
20,-88,0
14,-78,-1
20,-52,7
20,-36,6
20,-31,5
18,-35,1
16,-36,2
14,-43,1
15,-48,1
17,-60,2
17,-67,2
16,-80,2
17,-78,4
22,-80,7
24,-74,9
20,-60,9
18,-56,13
22,-72,17
14,-79,12
14,-69,10
20,-48,13
20,-37,11
20,-29,9
19,-33,7
19,-36,7
22,-42,8
24,-46,9
23,-54,10
25,-58,9
28,-76,8
26,-80,5
24,-83,3
26,-87,6
26,-71,6
33,-61,4
36,-69,2
26,-82,-1
21,-80,-2
21,-59,5
25,-41,9
21,-38,5
18,-37,1
16,-36,-1
15,-46,1
15,-51,1
15,-59,0
17,-60,0
20,-71,3
22,-75,7
22,-76,6
25,-78,7
23,-70,6
21,-45,8
22,-50,11
19,-85,10
16,-72,6
18,-63,8
21,-40,9
22,-34,8
18,-28,6
18,-29,4
20,-35,6
20,-39,6
22,-49,8
25,-58,10
28,-65,11
30,-84,10
25,-80,6
25,-95,6
26,-92,8
31,-62,9
34,-56,7
35,-73,3
21,-82,-2
17,-72,0
21,-49,5
23,-41,7
20,-34,2
16,-35,0
14,-39,-1
14,-48,1
16,-53,-1
16,-61,0
17,-67,1
16,-78,-1
20,-78,1
24,-82,6
25,-81,6
21,-66,5
21,-51,10
22,-60,12
17,-79,10
15,-72,8
21,-53,10
22,-43,10
22,-33,9
20,-33,8
21,-33,6
22,-38,8
21,-43,8
25,-50,9
25,-54,9
27,-74,11
26,-83,9
20,-80,4
20,-90,3
22,-83,5
31,-55,8
33,-60,4
28,-83,-1
22,-87,-2
20,-64,1
21,-52,4
21,-41,4
17,-38,0
16,-37,-1
14,-41,1
14,-44,1
15,-51,1
9,-58,2
14,-69,2
18,-81,3
17,-79,3
23,-80,7
24,-76,8
26,-52,12
25,-49,12
20,-84,9
16,-86,7
17,-63,9
19,-55,9
24,-40,11
20,-34,9
15,-34,7
16,-34,8
18,-36,9
18,-44,8
21,-47,9
23,-60,8
25,-72,9
25,-84,10
23,-91,5
25,-95,7
29,-75,10
29,-63,9
30,-68,6
26,-75,3
18,-72,4
18,-62,5
24,-46,7
19,-35,5
17,-35,3
14,-37,0
12,-40,0
13,-51,1
11,-57,1
15,-65,3
17,-80,1
19,-81,2
24,-81,7
24,-85,7
23,-65,9
22,-47,12
24,-59,15
22,-77,16
13,-73,11
18,-53,13
20,-44,12
18,-34,12
17,-32,11
10,-35,9
18,-36,11
18,-43,9
20,-45,9
23,-50,8
28,-70,9
26,-81,7
22,-80,4
22,-89,5
26,-81,8
29,-65,10
33,-62,5
29,-83,3
23,-88,1
19,-64,5
22,-52,9
21,-38,7
20,-35,7
16,-34,3
15,-37,4
12,-46,4
15,-59,8
13,-63,7
15,-76,1
17,-80,1
23,-82,5
26,-90,6
25,-78,6
24,-62,10
20,-39,13
15,-76,9
12,-81,5
10,-63,10
17,-53,14
18,-37,14
18,-32,14
17,-36,9
19,-37,10
15,-38,10
21,-42,12
21,-47,10
30,-65,9
28,-76,8
29,-79,6
27,-88,5
29,-87,8
34,-58,8
36,-62,8
33,-74,3
24,-77,0
15,-69,0
20,-57,6
21,-40,7
21,-34,4
18,-39,-1
13,-46,2
9,-50,1
11,-57,1
13,-62,1
15,-67,1
17,-75,2
19,-72,5
22,-78,6
25,-85,7
21,-54,9
22,-52,13
18,-81,14
15,-76,11
17,-59,9
20,-47,10
21,-31,9
18,-28,8
18,-28,7
18,-35,9
21,-41,9
22,-55,9
23,-56,9
27,-62,10
29,-70,11
27,-79,9
28,-89,6
27,-96,8
31,-67,11
32,-56,10
35,-68,9
30,-75,6
17,-75,1
19,-66,3
21,-46,7
19,-35,4
18,-33,0
16,-43,1
13,-48,-1
14,-52,-2
16,-55,-1
17,-62,3
17,-67,4
20,-73,7
23,-79,7
26,-80,9
23,-62,9
24,-50,12
24,-69,16
19,-83,12
12,-69,6
20,-46,11
23,-37,11
21,-29,8
21,-29,8
17,-34,5
20,-38,6
23,-46,7
27,-49,8
31,-55,7
34,-73,6
34,-80,6
31,-85,3
34,-92,6
34,-68,8
36,-59,8
35,-71,4
30,-77,2
22,-72,1
24,-52,4
25,-43,5
19,-36,1
17,-37,-1
15,-44,-1
14,-48,-2
15,-54,0
16,-56,1
17,-62,2
18,-72,3
19,-76,4
25,-83,7
28,-82,8
24,-53,10
25,-45,11
24,-73,13
19,-81,9
17,-65,7
22,-44,10
24,-37,10
21,-32,6
19,-33,6
20,-38,5
21,-40,7
26,-47,9
30,-49,9
32,-55,8
36,-76,7
34,-78,6
32,-90,5
35,-90,8
35,-63,7
36,-58,5
36,-70,3
25,-78,0
20,-71,-2
24,-49,5
24,-42,5
19,-35,3
18,-36,1
17,-42,1
17,-45,1
17,-52,2
18,-58,5
19,-63,5
22,-74,6
24,-76,9
25,-79,8
27,-77,8
23,-59,7
22,-64,12
22,-77,13
18,-70,7
20,-62,8
22,-43,8
21,-36,7
20,-31,6
18,-32,6
20,-35,6
21,-42,7
22,-46,9
26,-51,9
28,-60,9
32,-80,10
30,-82,8
31,-92,9
33,-88,10
35,-65,8
38,-69,7
34,-75,5
22,-73,1
19,-65,2
22,-47,6
20,-44,7
15,-38,2
17,-38,2
15,-44,2
15,-49,2
16,-53,2
18,-61,4
19,-69,4
18,-75,5
19,-75,6
25,-87,8
21,-66,8
20,-48,10
28,-55,18
27,-67,15
18,-66,6
19,-58,8
23,-40,10
22,-35,9
22,-37,7
22,-40,7
25,-43,8
30,-45,11
32,-45,12
34,-50,12
34,-58,10
33,-80,7
31,-81,5
33,-92,6
33,-77,7
32,-63,8
32,-51,5
30,-58,2
20,-74,-5
16,-71,-7
18,-49,-2
19,-38,3
20,-39,1
17,-45,-4
17,-49,-4
17,-56,-2
17,-58,0
17,-65,1
18,-72,1
19,-73,2
22,-78,3
26,-83,5
23,-67,2
25,-54,5
25,-60,13
22,-74,13
15,-73,5
14,-63,5
16,-46,8
23,-34,7
22,-33,5
18,-33,4
17,-37,3
20,-49,3
21,-55,4
22,-56,8
24,-60,8
25,-78,6
21,-81,1
24,-94,2
23,-67,7
27,-56,5
32,-68,3
31,-75,0
23,-75,-3
20,-62,1
20,-52,3
22,-40,3
21,-37,1
18,-38,-1
18,-40,-1
16,-48,-2
16,-52,-1
19,-63,0
20,-75,2
20,-75,3
23,-77,5
24,-80,4
20,-61,2
19,-52,3
17,-70,6
17,-85,4
19,-76,4
21,-54,8
21,-45,7
20,-32,5
19,-30,5
20,-31,6
20,-35,8
19,-43,8
22,-47,8
25,-57,5
30,-73,4
29,-79,3
28,-83,1
30,-96,4
30,-78,4
32,-64,4
34,-71,1
32,-77,-2
21,-73,-4
20,-50,2
22,-40,4
21,-33,2
19,-33,1
17,-39,-1
16,-43,-1
15,-53,-2
18,-61,-1
21,-63,1
24,-72,3
22,-75,2
28,-76,7
26,-87,6
21,-69,4
19,-47,5
19,-57,9
20,-80,8
14,-74,6
19,-57,10
17,-46,9
20,-35,9
18,-33,8
17,-34,7
17,-37,6
20,-44,6
24,-49,7
26,-52,7
31,-62,6
34,-71,6
32,-77,3
30,-85,2
32,-93,7
29,-57,7
28,-54,6
28,-69,4
23,-78,1
12,-69,0
14,-59,4
18,-42,5
16,-37,2
16,-41,-1
15,-46,-1
16,-49,-1
17,-58,1
19,-57,3
20,-56,4
23,-62,4
25,-76,7
25,-75,8
26,-84,6
23,-59,6
24,-54,10
23,-75,13
15,-80,7
10,-66,5
13,-56,8
14,-40,5
18,-34,6
16,-35,4
19,-39,3
18,-45,2
18,-50,5
17,-51,5
22,-56,7
26,-63,9
26,-78,9
26,-89,3
29,-90,5
32,-66,9
29,-55,6
35,-65,4
28,-73,0
20,-74,-3
18,-68,-1
20,-51,2
19,-41,2
17,-39,1
17,-38,2
16,-41,1
18,-49,1
18,-54,1
20,-61,4
20,-68,1
22,-70,4
25,-71,6
24,-76,3
22,-64,3
20,-53,4
23,-68,7
26,-85,8
20,-75,5
21,-54,8
21,-45,8
18,-36,6
18,-32,5
16,-34,4
18,-37,6
20,-42,7
20,-43,8
24,-48,7
26,-75,6
23,-81,5
23,-81,1
25,-95,3
26,-85,3
28,-74,4
32,-68,4
30,-71,1
19,-72,-2
20,-64,1
22,-58,2
20,-46,2
16,-42,1
14,-41,-1
15,-39,-1
14,-42,-2
15,-44,-2
17,-53,-1
19,-64,0
20,-68,1
23,-76,4
25,-82,4
27,-88,3
26,-75,3
23,-48,7
23,-73,10
19,-75,7
17,-61,5
20,-53,6
22,-39,7
20,-35,6
17,-31,5
17,-34,5
18,-43,6
20,-50,7
21,-50,8
25,-55,10
25,-65,8
23,-84,2
21,-78,-1
25,-99,2
27,-79,6
34,-58,6
29,-78,-1
26,-85,-3
19,-72,-4
22,-63,2
20,-46,5
22,-38,6
14,-36,0
15,-36,1
13,-41,1
16,-50,1
18,-58,0
24,-67,5
23,-69,4
24,-77,4
24,-75,6
25,-89,2
23,-74,2
23,-45,5
19,-75,6
19,-77,6
15,-74,2
15,-60,3
16,-40,6
19,-36,6
22,-30,6
17,-33,6
16,-37,5
18,-45,5
23,-47,5
27,-61,4
31,-69,4
31,-79,3
29,-80,1
31,-85,3
31,-61,5
35,-54,5
34,-75,-2
27,-84,-4
20,-76,-5
22,-67,0
24,-44,5
27,-37,5
17,-30,-1
14,-35,-1
13,-39,-2
14,-47,-2
14,-51,-2
18,-65,-2
20,-75,-3
24,-83,0
24,-92,3
22,-88,1
22,-57,4
26,-41,9
23,-71,7
19,-83,4
12,-71,5
16,-62,9
19,-42,11
17,-34,9
15,-33,8
13,-38,7
15,-42,7
20,-52,6
21,-54,5
21,-54,6
23,-60,5
28,-78,4
23,-82,-1
24,-94,1
25,-73,6
28,-59,7
31,-67,4
25,-71,-1
11,-79,-6
15,-64,2
19,-51,6
21,-38,6
20,-32,4
15,-40,1
16,-46,0
19,-58,0
23,-52,0
25,-55,1
26,-70,2
28,-76,3
28,-74,3
28,-75,3
26,-60,1
24,-50,2
19,-50,4
19,-69,4
20,-76,4
22,-63,6
22,-53,7
22,-41,7
23,-39,7
17,-38,8
19,-37,7
22,-38,6
25,-41,6
28,-46,6
32,-59,4
33,-68,3
32,-78,0
30,-83,-2
30,-87,1
31,-73,2
34,-50,4
32,-71,-1
29,-78,-3
21,-73,-3
20,-65,1
21,-46,3
21,-39,3
19,-37,0
17,-39,0
16,-44,-1
17,-49,2
17,-53,1
17,-59,-2
21,-65,-2
27,-79,4
27,-80,4
32,-80,7
31,-81,7
24,-53,5
23,-55,8
22,-65,9
21,-73,6
20,-68,7
19,-52,10
19,-46,10
17,-40,7
17,-38,6
15,-40,6
22,-43,9
21,-43,9
23,-44,7
25,-46,8
28,-60,7
29,-70,5
26,-75,1
30,-89,4
32,-84,7
35,-58,8
36,-57,5
30,-77,-2
25,-81,-3
23,-63,2
26,-54,6
25,-41,6
22,-38,4
16,-40,-1
17,-45,1
15,-49,-1
17,-54,0
16,-57,-1
23,-64,2
21,-69,0
26,-78,2
32,-83,6
33,-81,8
30,-61,7
30,-48,10
23,-63,10
18,-70,5
17,-62,0
19,-52,2
24,-39,7
22,-32,4
21,-35,3
18,-41,5
20,-45,7
22,-50,5
24,-51,6
26,-51,9
26,-65,7
28,-74,5
24,-78,0
25,-86,1
28,-78,6
31,-66,7
35,-60,4
31,-70,1
22,-81,-4
18,-66,-1
22,-55,3
21,-40,4
20,-35,3
17,-35,0
17,-37,0
16,-42,-3
18,-48,-3
22,-58,-3
25,-73,0
26,-79,1
24,-82,3
25,-78,4
30,-77,5
27,-72,5
21,-43,5
21,-49,6
20,-79,5
15,-69,2
17,-59,4
21,-42,9
22,-40,10
15,-38,10
12,-36,8
14,-38,7
21,-41,7
23,-45,6
26,-50,3
28,-58,1
37,-80,3
35,-82,2
28,-80,-1
27,-93,2
28,-67,1
34,-58,5
35,-65,4
25,-77,-1
16,-79,-3
18,-68,0
18,-57,2
15,-42,2
14,-39,2
12,-36,-1
12,-39,-2
13,-41,-3
14,-52,-5
17,-61,-5
19,-77,-3
18,-84,-3
22,-79,1
28,-89,3
25,-86,2
23,-46,5
22,-42,7
21,-71,7
16,-77,4
12,-63,2
13,-55,6
16,-41,8
10,-36,8
8,-36,7
8,-41,4
13,-45,4
19,-53,2
20,-53,3
21,-59,5
24,-67,5
23,-80,1
22,-84,-3
24,-92,2
25,-69,5
29,-56,6
31,-68,3
26,-75,-3
14,-77,-6
17,-62,-1
19,-52,2
18,-43,3
15,-40,0
12,-42,-2
12,-45,-2
14,-49,-2
15,-52,-2
17,-62,-1
18,-74,-1
18,-79,-1
20,-74,2
24,-77,4
24,-76,3
22,-65,4
21,-43,8
21,-58,9
14,-82,4
11,-67,5
14,-58,8
17,-42,10
16,-38,9
15,-36,6
8,-37,6
16,-40,6
17,-44,5
24,-49,4
28,-57,3
31,-64,3
32,-78,2
30,-75,-1
28,-90,-1
29,-88,2
32,-59,3
35,-56,3
31,-73,-1
17,-79,-6
15,-71,-5
22,-51,5
19,-43,5
17,-37,3
17,-38,2
15,-43,1
14,-48,0
15,-53,-1
15,-60,-2
17,-66,-2
14,-81,-6
16,-78,-7
29,-78,3
30,-78,5
28,-59,6
24,-53,8
26,-68,11
21,-72,7
21,-63,7
22,-48,9
20,-42,8
16,-37,7
17,-36,7
20,-38,4
18,-42,3
19,-45,2
24,-49,3
26,-52,4
29,-68,4
28,-76,2
29,-77,0
29,-87,1
32,-82,3
35,-59,5
33,-57,4
27,-72,-2
22,-76,-5
19,-65,-2
21,-55,2
20,-39,2
17,-36,-2
16,-39,-4
15,-48,-5
16,-51,-4
17,-55,-3
17,-58,-2
19,-70,-3
19,-77,-3
22,-82,2
23,-87,3
22,-85,3
16,-56,8
18,-38,12
18,-66,10
16,-84,7
8,-71,4
13,-59,9
17,-42,9
16,-35,5
14,-35,4
15,-37,3
18,-40,4
20,-46,4
22,-50,6
24,-57,6
27,-65,6
26,-81,4
24,-83,0
26,-95,2
26,-78,4
28,-64,4
30,-70,2
18,-78,-5
13,-74,-5
14,-56,4
14,-47,8
15,-39,4
13,-38,2
12,-42,-2
13,-46,-2
13,-53,-3
15,-55,-2
16,-63,0
17,-76,-2
16,-80,-3
18,-80,2
24,-81,5
22,-69,6
17,-55,7
16,-52,9
17,-71,9
10,-78,3
14,-57,7
15,-47,8
14,-37,6
16,-36,6
13,-37,4
15,-38,4
17,-45,6
21,-51,7
22,-51,7
26,-64,6
27,-76,6
26,-82,3
26,-82,1
30,-89,6
30,-77,6
32,-57,5
27,-73,-1
22,-78,-3
16,-70,-3
16,-62,1
21,-44,5
20,-39,4
16,-36,0
15,-37,-1
15,-44,-1
15,-51,-2
17,-57,0
19,-71,-1
19,-78,-1
21,-85,3
23,-88,4
26,-82,4
23,-62,5
19,-51,8
15,-79,5
11,-80,3
17,-59,6
19,-46,8
19,-33,9
15,-31,9
15,-31,8
17,-37,4
20,-40,4
24,-47,5
24,-51,5
26,-61,6
27,-71,5
26,-85,2
23,-79,0
28,-96,6
30,-65,6
35,-60,6
33,-75,0
25,-81,-3
15,-71,-1
11,-62,0
21,-43,3
18,-40,1
17,-37,-4
19,-40,-1
15,-44,-2
10,-50,-4
12,-55,-4
13,-69,-2
15,-75,-2
18,-81,-1
23,-84,2
28,-91,3
23,-64,2
24,-48,4
21,-72,10
19,-78,9
17,-62,3
19,-51,4
18,-37,7
15,-31,7
13,-30,5
16,-34,3
18,-39,3
20,-53,2
19,-55,3
23,-57,6
26,-63,8
26,-85,5
24,-84,0
28,-95,3
28,-65,9
32,-59,7
34,-78,2
29,-86,-1
18,-77,-3
21,-65,1
24,-44,5
28,-32,5
16,-33,-1
15,-35,-1
14,-38,-1
15,-48,-1
15,-54,-2
16,-69,-2
19,-74,-1
22,-80,2
26,-85,6
28,-87,7
25,-58,7
25,-47,10
23,-80,14
17,-85,10
17,-64,5
19,-41,7
21,-34,7
20,-26,5
18,-25,3
18,-28,3
19,-34,4
18,-48,6
22,-49,8
26,-58,8
30,-83,8
27,-86,5
24,-94,0
26,-93,5
28,-63,7
31,-56,3
36,-78,0
30,-83,-1
22,-74,-3
20,-51,5
25,-41,7
24,-34,4
17,-36,-1
17,-39,-1
16,-42,0
17,-53,0
17,-63,1
18,-68,1
18,-74,-1
20,-72,2
25,-82,4
23,-77,2
16,-66,1
15,-55,6
17,-72,10
16,-73,9
17,-63,9
19,-46,8
19,-39,7
18,-30,7
19,-29,6
22,-36,5
24,-42,5
27,-54,5
32,-62,4
33,-49,3
41,-60,5
37,-71,2
27,-75,-3
28,-83,-2
28,-75,2
30,-64,1
32,-70,0
24,-79,-2
19,-76,-3
19,-62,3
21,-53,5
18,-37,2
18,-35,1
16,-34,0
16,-43,-2
17,-46,-3
21,-54,-3
23,-60,-1
24,-73,-1
24,-77,0
26,-78,6
24,-85,5
20,-75,2
20,-50,9
19,-63,9
14,-80,5
11,-72,3
15,-56,7
17,-46,7
18,-35,5
16,-34,5
15,-35,5
18,-38,7
20,-39,8
22,-45,10
23,-50,10
26,-71,8
26,-83,5
21,-89,0
22,-96,1
27,-79,7
31,-59,5
30,-69,1
21,-78,-3
15,-77,-6
20,-62,0
24,-58,3
22,-44,2
15,-39,0
14,-39,-1
17,-40,1
17,-43,1
17,-50,1
18,-55,2
21,-69,2
22,-74,2
26,-78,3
28,-81,3
27,-76,2
24,-51,7
20,-60,6
13,-78,-1
15,-75,0
20,-58,4
21,-49,5
22,-39,6
19,-35,6
18,-35,6
18,-39,9
18,-40,9
23,-45,8
24,-48,7
28,-64,7
27,-75,6
23,-78,-2
23,-91,0
23,-89,3
29,-61,2
36,-64,2
30,-80,-1
20,-78,-4
15,-63,1
22,-51,6
21,-45,4
16,-39,-1
13,-39,-1
17,-42,2
16,-43,0
16,-48,-1
16,-54,-2
21,-66,0
22,-77,1
23,-78,2
25,-82,3
22,-88,2
18,-62,4
23,-47,8
25,-65,10
24,-79,9
15,-71,6
22,-49,8
21,-40,7
18,-32,4
16,-33,2
16,-38,2
18,-42,3
21,-47,4
23,-50,5
24,-52,8
27,-65,6
27,-77,5
22,-76,0
23,-86,1
27,-77,7
30,-57,6
31,-66,4
23,-87,-2
17,-87,-3
20,-67,4
24,-57,7
19,-45,4
19,-42,3
13,-42,-1
15,-42,0
15,-45,0
15,-48,-1
15,-49,-2
20,-56,-2
21,-63,-3
24,-71,0
26,-75,2
28,-83,3
22,-79,3
20,-52,10
22,-57,10
22,-75,9
12,-79,5
15,-72,6
21,-54,7
23,-47,6
18,-38,4
16,-35,4
17,-36,5
19,-40,4
21,-43,5
25,-51,5
26,-55,6
26,-72,6
25,-81,4
23,-77,1
27,-89,2
25,-79,3
30,-56,5
31,-65,4
24,-81,-4
16,-83,-6
17,-65,1
19,-55,5
20,-42,4
16,-40,-1
13,-42,-3
13,-49,-3
14,-51,-3
15,-55,-3
16,-57,-2
18,-62,-2
19,-67,-1
19,-71,0
22,-80,2
20,-78,-1
21,-67,0
22,-48,2
27,-58,8
27,-72,7
18,-72,0
21,-52,4
23,-43,5
23,-39,4
21,-38,3
19,-40,2
20,-43,3
19,-49,4
22,-50,4
23,-52,5
27,-62,6
26,-72,5
22,-73,0
24,-87,-1
26,-80,4
25,-58,4
30,-63,3
28,-72,0
19,-87,-7
18,-75,-5
21,-66,1
22,-50,2
18,-45,-1
14,-43,-2
13,-44,-3
13,-46,-3
14,-48,-2
14,-51,-2
17,-58,0
17,-64,0
18,-73,1
20,-73,2
24,-80,4
22,-78,1
23,-60,3
22,-50,8
21,-57,8
16,-73,1
14,-69,0
19,-56,3
21,-50,4
21,-44,3
20,-44,2
20,-47,3
19,-47,5
23,-46,6
25,-45,6
25,-49,7
27,-62,7
28,-68,7
26,-75,4
23,-68,1
21,-71,1
24,-76,-1
24,-69,-1
22,-55,0
21,-60,-1
17,-72,-2
15,-70,-3
15,-68,-2
15,-70,-2
10,-65,-3
9,-62,-3
9,-60,-2
8,-57,-3
9,-56,-3
9,-51,-2
9,-52,-2
11,-67,-5
14,-88,-9
16,-79,-10
20,-53,0
24,-56,3
25,-60,-1
25,-57,-4
23,-53,-6
23,-53,-6
25,-56,-10
27,-58,-10
27,-60,-10
26,-61,-9
26,-61,-9
26,-60,-8
25,-58,-7
27,-55,-7
27,-53,-6
27,-54,-6
29,-62,-5
28,-65,-5
27,-63,-4
27,-62,-3
21,-61,-2
25,-61,0
23,-62,1
23,-60,0
23,-57,0
23,-53,-1
23,-52,-1
23,-56,-2
23,-58,-3
24,-57,-4
24,-57,-3
25,-63,-2
26,-65,-1
26,-64,0
27,-59,3
27,-56,4
27,-55,5
28,-57,5
28,-61,5
29,-61,5
27,-66,3
25,-71,0
25,-70,0
21,-58,-1
21,-53,-1
21,-48,-1
20,-47,-2
18,-48,-1
18,-53,-2
19,-56,-2
19,-59,-1
20,-65,0
20,-73,2
21,-75,3
23,-79,3
25,-81,4
20,-61,7
16,-53,9
17,-58,9
16,-65,9
14,-65,9
16,-56,10
16,-50,9
16,-42,8
13,-42,8
16,-42,6
21,-44,4
25,-46,4
32,-46,6
33,-47,4
34,-61,1
34,-71,1
31,-81,-2
30,-84,-2
32,-88,1
32,-66,3
33,-58,4
29,-67,3
25,-76,3
12,-73,0
16,-65,4
15,-49,4
17,-44,5
12,-40,1
11,-45,-1
12,-49,-2
14,-56,-2
14,-58,-3
15,-63,-3
15,-64,-3
19,-71,-2
22,-78,0
26,-87,1
24,-75,0
24,-59,3
18,-64,9
12,-75,7
4,-69,2
8,-61,4
13,-46,9
10,-37,10
7,-36,10
11,-37,6
14,-39,5
18,-43,4
19,-46,3
29,-50,3
32,-54,3
38,-74,2
34,-83,-3
33,-90,-4
36,-85,-2
35,-74,-1
35,-53,4
31,-56,2
23,-73,-4
16,-83,-8
14,-66,-9
19,-47,-2
19,-42,-2
17,-38,-5
14,-37,-6
13,-41,-6
13,-45,-5
14,-53,-6
15,-64,-5
15,-72,-4
16,-85,-6
16,-88,-4
24,-90,2
25,-84,2
22,-56,4
15,-41,4
6,-68,-1
11,-75,-4
8,-68,-3
13,-54,3
13,-48,5
17,-39,6
17,-37,6
12,-36,5
11,-38,3
15,-44,2
19,-53,3
19,-55,3
25,-74,6
28,-82,6
25,-81,2
22,-89,2
21,-76,2
24,-66,2
30,-66,1
22,-78,-5
18,-80,-8
18,-66,-6
20,-54,0
21,-40,2
17,-37,-1
15,-37,-2
14,-44,-3
14,-47,-3
14,-57,-3
14,-64,-2
12,-75,-2
12,-79,-4
22,-82,1
24,-86,4
27,-80,5
20,-43,5
17,-43,8
16,-74,7
13,-77,2
11,-64,1
15,-54,4
13,-41,4
12,-37,3
11,-34,2
13,-38,2
15,-42,3
16,-48,4
18,-50,3
27,-63,6
33,-74,7
33,-84,2
27,-93,-2
28,-95,2
31,-66,0
32,-54,1
30,-67,3
23,-70,-2
17,-74,-10
18,-66,-8
17,-44,0
18,-37,-2
17,-37,-3
15,-40,-5
14,-44,-6
14,-57,-5
15,-63,-4
17,-71,-2
13,-75,-4
16,-82,0
19,-91,-2
21,-81,-1
19,-50,1
17,-50,4
16,-78,2
15,-81,0
16,-65,1
17,-53,4
15,-35,5
11,-30,7
13,-30,6
14,-33,4
15,-37,3
18,-51,4
18,-56,2
22,-69,4
19,-92,-1
20,-85,-3
26,-96,-1
27,-93,2
28,-69,2
30,-66,2
27,-74,-3
20,-78,-5
15,-66,-4
18,-46,2
18,-39,4
16,-34,-1
13,-35,-4
11,-41,-3
12,-46,-2
11,-56,-4
11,-63,-4
15,-79,-4
13,-85,-5
15,-83,-2
23,-89,2
23,-81,1
18,-45,4
17,-50,5
14,-81,2
10,-80,-2
14,-60,3
17,-38,7
17,-33,8
11,-29,5
12,-28,5
16,-34,4
17,-39,6
19,-53,0
31,-62,2
35,-74,5
31,-88,3
30,-84,-1
33,-100,0
32,-90,0
33,-61,2
31,-65,1
24,-75,-2
10,-71,-8
12,-62,-4
16,-41,2
16,-37,3
15,-34,-1
14,-37,-2
12,-44,-2
12,-50,-2
13,-62,-2
11,-71,-4
10,-77,-7
19,-79,1
22,-75,2
25,-81,0
22,-66,1
18,-47,4
21,-64,6
16,-86,0
15,-65,2
18,-52,6
15,-37,7
12,-32,7
13,-30,8
13,-33,7
15,-42,5
16,-51,3
17,-56,3
22,-71,5
26,-81,4
23,-84,-1
23,-92,-2
25,-95,2
26,-75,5
31,-63,4
27,-71,-1
19,-77,-5
10,-66,-4
13,-55,1
16,-39,4
19,-34,3
16,-33,-3
15,-39,-4
14,-47,-3
16,-60,-2
12,-66,-3
12,-78,-2
14,-82,-1
22,-85,1
26,-88,3
24,-73,4
18,-46,7
18,-56,8
11,-75,2
10,-70,0
14,-53,4
15,-46,6
12,-36,6
14,-35,6
14,-36,4
17,-42,4
18,-45,3
21,-53,3
24,-58,4
28,-76,5
28,-81,5
28,-89,1
27,-99,3
28,-76,6
31,-58,3
28,-64,0
15,-79,-6
15,-77,-7
19,-55,-1
20,-46,2
17,-35,0
15,-35,-2
13,-42,-3
14,-49,-2
14,-52,-2
15,-62,-2
16,-69,0
17,-77,-2
21,-76,0
25,-84,4
23,-75,3
22,-56,6
18,-62,8
13,-75,5
13,-75,1
14,-65,4
17,-44,6
18,-37,8
12,-32,6
13,-34,4
14,-37,5
20,-44,4
20,-47,5
22,-54,4
26,-63,5
27,-83,4
25,-81,1
25,-96,1
26,-80,4
28,-67,5
29,-65,4
25,-70,1
12,-80,-4
12,-73,-4
18,-51,4
19,-43,4
16,-34,2
15,-39,-2
14,-43,-3
14,-50,-3
13,-53,-2
14,-61,-4
15,-70,-5
16,-81,-2
21,-84,1
23,-90,2
21,-71,3
23,-49,7
19,-57,9
16,-70,7
8,-74,-2
10,-66,0
16,-47,6
19,-35,7
16,-33,5
16,-36,2
16,-40,2
18,-49,3
21,-51,3
24,-55,3
27,-62,4
28,-82,2
25,-84,-3
26,-99,0
26,-76,4
31,-61,4
32,-68,3
27,-73,-2
12,-82,-6
10,-75,-5
17,-55,5
18,-39,4
17,-36,2
13,-38,-1
11,-41,-1
13,-49,-2
14,-53,-1
16,-62,-1
16,-73,-2
19,-76,0
23,-77,1
26,-89,1
22,-70,1
22,-51,2
20,-55,8
21,-72,7
12,-74,0
17,-55,6
18,-45,6
21,-35,4
17,-32,3
15,-37,1
17,-40,2
20,-48,4
19,-50,5
22,-53,6
26,-71,6
26,-80,5
25,-79,0
27,-92,1
27,-82,5
31,-68,5
34,-63,4
29,-77,-2
21,-81,-5
15,-65,-2
24,-54,4
23,-40,1
22,-38,0
15,-39,-4
12,-46,-4
13,-49,-3
15,-58,-1
15,-60,-2
18,-68,0
20,-73,1
22,-73,4
24,-75,4
22,-73,4
20,-61,3
20,-53,7
19,-83,5
20,-79,4
23,-63,8
22,-49,7
18,-33,5
17,-30,4
19,-32,4
21,-34,5
17,-41,9
27,-45,9
30,-47,8
35,-69,7
33,-86,6
23,-82,0
26,-89,0
34,-79,7
35,-55,5
35,-60,2
26,-85,-1
18,-84,-4
21,-65,-1
23,-53,4
20,-38,4
19,-37,3
16,-34,-1
16,-40,-1
15,-44,-1
14,-52,0
15,-59,-1
16,-70,-1
19,-76,-1
24,-75,4
25,-88,3
25,-76,2
27,-46,9
24,-62,9
16,-82,1
13,-72,-1
20,-51,3
23,-42,4
21,-33,2
19,-31,1
17,-34,0
20,-43,1
22,-48,3
23,-52,4
25,-55,5
27,-78,4
26,-86,3
26,-81,0
29,-91,2
30,-75,5
32,-60,2
32,-70,-1
20,-86,-5
15,-79,-7
19,-59,0
19,-50,3
20,-34,2
16,-31,-2
15,-34,-2
14,-42,-3
14,-47,-4
17,-59,-5
19,-64,-3
21,-76,-3
23,-78,-1
27,-85,1
25,-81,0
23,-67,1
22,-49,6
21,-67,6
17,-79,3
16,-66,3
22,-46,7
23,-38,6
21,-30,3
18,-32,1
18,-36,1
21,-46,2
21,-51,2
22,-54,5
22,-53,5
28,-69,5
26,-83,1
23,-79,-2
28,-86,3
29,-75,5
32,-61,2
34,-72,-1
27,-91,-3
21,-81,-5
19,-58,1
23,-41,6
22,-36,3
18,-33,-1
18,-33,-1
15,-40,-1
14,-45,-1
16,-54,-3
19,-59,-2
22,-73,0
26,-78,3
25,-78,3
29,-83,4
23,-75,2
21,-45,7
21,-54,7
19,-84,5
14,-68,2
18,-59,5
22,-36,7
21,-30,5
16,-28,2
16,-30,1
17,-37,2
20,-44,3
21,-55,4
24,-58,7
25,-64,7
26,-82,3
24,-82,0
26,-99,-1
29,-98,3
32,-59,5
37,-61,4
34,-78,0
18,-76,-5
17,-68,-3
15,-51,1
29,-40,6
19,-37,-1
18,-36,-2
14,-38,-2
13,-41,-3
15,-50,-2
15,-58,-2
15,-65,-3
18,-82,-3
20,-79,-1
24,-85,3
25,-79,3
23,-53,5
20,-66,8
19,-82,7
18,-75,4
20,-65,6
21,-40,8
22,-32,7
19,-32,4
18,-34,2
20,-38,5
21,-38,5
23,-40,5
25,-53,7
24,-63,6
24,-82,4
22,-86,0
22,-88,1
25,-90,3
28,-62,5
31,-73,0
30,-80,-1
19,-83,-4
15,-73,-3
21,-49,6
21,-40,7
16,-30,1
15,-32,-2
15,-39,-3
15,-47,-1
15,-50,0
19,-57,-1
18,-65,-3
19,-81,-1
18,-80,-1
21,-95,-2
27,-69,5
27,-53,8
25,-71,10
19,-82,7
9,-70,0
13,-59,2
17,-39,5
21,-37,5
21,-32,5
16,-31,6
19,-32,7
23,-40,6
26,-50,6
25,-59,2
23,-67,1
21,-87,1
17,-83,-2
24,-90,1
28,-70,5
30,-58,4
32,-72,-4
28,-84,-7
16,-83,-10
17,-75,-6
22,-52,3
22,-45,4
17,-38,0
14,-37,-4
13,-37,-3
14,-41,-1
14,-46,0
16,-57,-1
17,-63,-1
18,-78,-2
20,-83,1
22,-91,2
23,-73,2
21,-58,3
18,-68,4
18,-84,4
13,-75,2
17,-63,6
18,-42,9
18,-33,4
18,-32,5
17,-35,4
19,-35,4
21,-44,4
20,-48,3
23,-54,5
24,-59,6
26,-82,4
21,-86,-2
24,-97,-2
25,-78,6
26,-63,6
29,-69,3
28,-73,-1
17,-81,-8
15,-75,-5
16,-58,-1
22,-42,2
20,-39,0
14,-40,-4
13,-42,-3
14,-47,-2
15,-48,-2
14,-55,-2
15,-69,-3
17,-76,-4
23,-76,1
23,-84,2
20,-77,-1
18,-62,-1
24,-58,10
24,-73,11
15,-74,0
18,-58,3
20,-46,5
22,-32,5
21,-29,4
19,-30,4
17,-33,4
23,-41,6
25,-44,6
30,-51,8
31,-69,6
30,-76,3
25,-70,-1
29,-86,2
32,-74,5
33,-65,3
39,-79,3
24,-91,-5
18,-83,-8
18,-55,1
17,-47,2
22,-33,3
19,-33,1
14,-38,-1
15,-44,-1
15,-46,-1
15,-54,-1
14,-59,-2
21,-76,-3
22,-81,-2
24,-86,2
25,-89,2
24,-68,4
24,-49,8
23,-69,11
11,-77,4
11,-68,4
20,-48,8
20,-38,8
18,-28,6
17,-29,5
18,-35,3
19,-40,2
22,-50,1
25,-55,4
27,-56,5
32,-70,5
33,-81,3
27,-80,-2
30,-90,-1
31,-75,4
32,-60,3
32,-72,1
19,-86,-6
11,-80,-8
16,-60,1
18,-48,4
19,-34,4
17,-33,2
13,-37,-2
14,-44,-2
14,-49,-2
14,-59,-4
16,-63,-4
20,-77,-1
20,-81,-1
23,-82,2
25,-90,3
20,-70,3
21,-44,8
19,-63,8
13,-82,1
9,-75,-1
16,-54,5
18,-44,7
18,-32,4
15,-30,4
15,-32,1
19,-40,3
19,-44,3
20,-53,4
22,-55,5
25,-70,6
25,-81,4
22,-81,-2
27,-98,2
29,-90,4
31,-58,4
32,-63,3
26,-77,-2
17,-79,-5
16,-66,-2
17,-57,1
21,-40,3
17,-38,0
15,-38,-1
13,-40,-2
13,-43,-2
14,-53,-1
14,-56,-1
16,-67,-2
18,-76,-2
20,-80,-2
24,-88,2
22,-80,1
22,-52,3
21,-47,6
21,-74,7
19,-81,2
18,-68,1
21,-58,3
22,-39,6
16,-31,6
12,-30,6
14,-33,5
15,-36,5
17,-42,4
18,-47,4
20,-58,4
20,-83,3
18,-88,1
22,-94,-1
24,-102,0
28,-76,5
31,-59,5
30,-71,3
22,-77,0
15,-74,-3
18,-56,2
20,-49,2
19,-37,1
18,-37,-1
13,-40,-3
13,-41,-3
13,-46,-3
14,-51,-3
16,-64,-3
15,-79,-3
16,-82,-2
21,-92,1
23,-91,2
20,-69,2
18,-52,5
15,-69,6
9,-75,0
12,-66,2
18,-47,6
18,-39,6
17,-30,5
16,-29,5
18,-32,7
17,-37,5
18,-48,4
21,-55,5
23,-56,6
27,-72,8
26,-82,5
21,-84,-2
22,-98,-2
28,-79,7
30,-65,7
36,-79,2
22,-88,-3
17,-81,-4
18,-60,3
20,-49,4
20,-37,4
18,-35,2
14,-37,-2
13,-39,-2
12,-47,-2
13,-55,-4
15,-62,-4
17,-75,-3
18,-77,-2
24,-79,3
25,-87,5
23,-77,6
16,-52,8
19,-67,11
18,-77,13
17,-69,10
17,-47,8
19,-37,8
20,-28,7
21,-27,7
20,-32,4
21,-41,4
22,-48,5
24,-56,7
24,-55,8
30,-66,11
29,-75,9
21,-81,0
23,-91,0
30,-88,8
34,-61,7
35,-66,5
25,-86,-2
17,-88,-5
15,-64,-1
18,-52,3
23,-35,7
20,-31,4
14,-33,-1
13,-37,-1
14,-43,-2
16,-55,-4
18,-59,-4
23,-68,-1
24,-73,0
29,-78,5
31,-87,6
28,-83,6
22,-57,8
21,-53,9
16,-76,4
12,-77,0
15,-61,2
18,-51,3
22,-36,5
18,-28,3
17,-28,2
18,-35,3
19,-40,4
21,-51,5
21,-54,5
24,-60,7
26,-70,8
23,-84,4
21,-89,-1
23,-94,1
27,-73,5
31,-64,6
32,-73,1
26,-77,-2
14,-73,-6
13,-66,-2
18,-47,4
20,-36,2
18,-37,1
12,-40,-3
11,-43,-4
14,-52,-2
14,-56,-3
16,-63,-1
17,-69,-1
20,-78,0
20,-80,1
23,-85,2
18,-69,3
20,-55,6
21,-73,9
15,-82,6
11,-69,1
17,-47,6
20,-38,7
20,-30,9
15,-27,7
13,-31,5
14,-36,4
20,-49,3
21,-55,3
23,-59,4
27,-74,6
26,-82,4
22,-88,-3
24,-96,-2
26,-80,4
27,-61,4
35,-71,4
33,-80,1
17,-76,-5
18,-59,2
20,-50,4
22,-38,3
19,-35,1
15,-37,-2
14,-39,-2
13,-43,-3
15,-58,-4
15,-63,-4
17,-73,-4
19,-79,-3
22,-83,1
24,-85,3
23,-81,3
20,-67,4
16,-50,9
17,-77,7
14,-78,4
13,-61,3
18,-52,5
20,-36,6
20,-33,6
15,-32,5
13,-33,4
16,-40,4
20,-49,5
21,-52,5
26,-65,8
26,-73,7
22,-80,2
20,-83,-1
25,-94,1
27,-66,4
31,-59,4
32,-80,-1
26,-89,-3
18,-75,-4
20,-64,1
24,-43,6
18,-34,2
17,-34,-1
15,-34,-2
15,-37,-1
16,-46,-3
17,-52,-5
19,-67,-5
20,-73,-4
22,-81,0
24,-81,3
28,-86,6
25,-73,6
19,-53,9
16,-65,8
16,-80,8
10,-71,5
13,-62,6
19,-41,9
18,-33,7
15,-28,3
14,-33,3
16,-37,2
19,-47,3
20,-52,5
24,-53,8
26,-55,10
27,-73,9
21,-77,2
20,-78,-1
29,-96,5
29,-82,6
34,-55,6
35,-61,5
26,-83,-1
19,-83,-5
13,-66,-1
15,-46,6
19,-39,5
14,-38,-1
11,-38,-2
9,-41,-2
12,-46,-1
13,-54,-3
14,-57,-3
17,-72,-2
16,-83,-2
17,-79,2
22,-86,4
22,-86,5
14,-66,3
12,-44,5
15,-67,9
14,-76,7
10,-74,0
16,-55,5
17,-46,6
15,-33,4
14,-31,4
13,-31,2
15,-35,1
18,-43,3
22,-53,4
23,-59,4
26,-73,5
25,-82,3
20,-84,-3
21,-95,-2
25,-90,2
27,-71,4
31,-68,3
23,-82,-1
14,-84,-5
14,-69,0
18,-57,4
19,-42,2
21,-36,1
15,-35,-3
13,-36,-4
13,-41,-3
15,-51,-3
15,-56,-3
17,-74,-2
17,-82,-2
19,-82,1
20,-83,4
19,-82,3
13,-72,1
14,-50,7
17,-76,8
14,-78,3
13,-62,0
17,-51,4
19,-37,4
19,-32,5
15,-30,4
17,-31,5
16,-39,5
20,-48,6
21,-52,6
25,-64,7
27,-76,8
23,-84,3
22,-84,0
25,-92,4
28,-60,6
31,-58,5
30,-78,0
24,-87,-3
18,-77,-4
21,-66,0
22,-47,3
21,-39,2
18,-37,-1
14,-39,-2
14,-41,-2
13,-49,-3
14,-52,-2
15,-64,-2
15,-71,-2
17,-73,0
20,-74,1
25,-82,4
20,-67,2
20,-55,3
20,-71,9
17,-80,7
20,-69,4
21,-60,4
21,-42,4
21,-32,4
21,-30,5
20,-32,5
22,-34,5
22,-44,6
24,-49,7
24,-54,8
24,-58,8
26,-79,7
21,-79,1
22,-85,0
26,-85,3
28,-73,4
32,-65,2
32,-75,0
22,-89,-4
17,-81,-6
20,-59,3
18,-41,4
25,-36,5
16,-36,-1
14,-37,-1
14,-41,1
14,-47,0
14,-55,-1
16,-60,0
17,-74,1
20,-78,1
22,-81,2
25,-83,5
23,-79,5
19,-48,7
17,-45,8
20,-75,9
13,-74,2
13,-65,3
21,-46,7
22,-39,7
19,-31,4
17,-29,3
17,-33,3
16,-36,3
16,-46,3
21,-57,9
23,-63,9
26,-77,9
24,-80,6
20,-91,1
21,-102,0
26,-83,3
28,-62,4
33,-66,5
23,-84,0
15,-81,-4
15,-64,2
17,-53,4
19,-39,2
20,-37,1
16,-37,-2
12,-40,-3
12,-44,-3
15,-53,-3
16,-57,-3
18,-71,-2
19,-80,-2
20,-83,1
22,-78,4
20,-83,4
15,-60,5
14,-47,8
15,-74,9
13,-78,5
12,-65,2
16,-56,5
17,-40,6
17,-35,6
16,-32,5
15,-35,5
15,-39,5
17,-48,5
20,-53,6
23,-60,7
26,-67,8
26,-83,6
23,-81,3
23,-94,2
29,-75,7
30,-60,7
32,-72,3
28,-85,1
16,-84,-5
17,-73,-2
17,-51,3
18,-39,1
17,-37,-1
14,-35,-1
13,-38,-2
12,-43,-3
12,-45,-3
15,-52,-2
16,-68,-3
18,-80,-2
22,-86,1
25,-87,4
27,-87,5
26,-70,8
19,-57,9
18,-71,10
16,-75,4
16,-65,4
20,-46,5
23,-32,6
22,-29,7
18,-27,3
17,-30,3
19,-40,3
21,-47,4
22,-56,5
24,-58,6
27,-75,9
23,-85,4
20,-88,0
25,-95,2
27,-81,5
34,-65,6
34,-76,3
20,-88,-4
17,-68,-2
17,-57,3
24,-37,6
20,-32,3
16,-30,-2
15,-31,-2
14,-39,-2
13,-45,-2
14,-61,-3
16,-73,-3
18,-81,-3
20,-85,1
23,-87,4
25,-86,3
24,-76,4
22,-47,11
20,-65,11
14,-77,3
16,-59,2
18,-48,4
20,-32,5
20,-29,6
16,-28,5
17,-31,6
17,-40,5
18,-44,5
20,-54,6
24,-62,9
24,-72,9
22,-85,3
21,-88,0
27,-100,1
30,-68,6
34,-62,4
36,-71,3
25,-83,-2
16,-69,-3
19,-59,1
20,-40,4
22,-35,5
16,-32,0
16,-32,0
16,-39,-1
16,-51,-1
14,-58,-2
16,-74,-3
16,-82,-3
20,-83,-1
22,-83,2
26,-84,6
23,-71,5
20,-53,10
10,-78,4
7,-83,-1
11,-68,-1
15,-54,3
18,-33,10
19,-28,12
13,-25,9
12,-25,7
15,-36,9
18,-48,7
19,-53,7
24,-68,9
25,-77,8
21,-84,-1
20,-82,-3
30,-90,4
31,-74,6
37,-68,3
28,-94,-3
22,-94,-5
21,-68,3
23,-55,6
21,-37,6
19,-32,4
16,-30,0
15,-30,1
15,-35,1
13,-52,-2
13,-58,-4
14,-74,-4
17,-85,-4
22,-81,3
26,-80,7
25,-85,6
21,-56,8
19,-62,8
15,-82,5
17,-76,4
19,-56,4
22,-42,5
21,-28,5
22,-24,7
16,-25,4
13,-36,3
17,-44,4
20,-57,5
19,-61,5
24,-70,10
29,-82,10
27,-79,3
26,-85,2
31,-85,7
38,-64,7
40,-74,6
28,-92,0
18,-88,-5
18,-66,3
21,-53,7
27,-38,7
19,-32,0
16,-31,-1
15,-34,-1
14,-40,-2
14,-53,-3
14,-60,-4
15,-74,-5
17,-82,-4
20,-86,-2
23,-87,3
22,-80,4
18,-51,9
17,-63,9
11,-79,3
12,-77,2
18,-57,7
22,-46,9
23,-32,11
20,-28,8
20,-29,8
19,-37,7
21,-41,7
25,-50,6
26,-56,5
26,-77,5
26,-83,3
23,-78,-2
27,-89,5
28,-72,6
33,-64,4
34,-79,0
20,-94,-9
17,-80,-7
23,-54,5
25,-37,6
23,-31,3
14,-36,-3
13,-38,-3
12,-45,-2
12,-50,-2
14,-60,-3
15,-67,-3
16,-80,-3
20,-76,1
22,-84,4
22,-81,3
21,-68,3
18,-57,6
16,-73,7
14,-79,1
17,-69,1
23,-46,5
23,-32,7
21,-28,6
21,-25,3
21,-27,5
19,-36,5
21,-42,5
23,-53,5
24,-59,5
27,-81,7
23,-82,1
23,-88,0
27,-98,4
29,-81,5
34,-70,4
34,-78,2
21,-86,-2
17,-68,-1
17,-56,2
21,-38,4
20,-33,2
16,-30,-1
14,-31,-2
14,-37,-1
14,-44,-2
14,-57,-3
15,-76,-4
15,-85,-4
18,-80,0
21,-88,3
23,-87,3
19,-69,3
23,-57,11
22,-71,13
14,-75,5
13,-58,3
17,-47,5
18,-32,4
20,-28,5
20,-27,5
22,-29,6
19,-38,4
20,-44,5
23,-53,5
26,-69,6
28,-81,6
25,-82,3
23,-83,0
27,-92,5
29,-75,5
36,-65,4
32,-84,-2
24,-90,-5
20,-70,-1
24,-55,4
19,-41,4
28,-35,5
16,-34,-3
17,-35,-3
15,-41,-2
15,-53,-2
13,-60,-4
14,-75,-4
15,-82,-3
19,-77,1
21,-74,5
24,-80,5
19,-67,5
20,-53,9
16,-82,7
15,-85,4
16,-65,3
21,-51,5
24,-31,8
22,-26,7
20,-22,4
21,-23,5
18,-30,5
20,-47,4
24,-56,5
29,-71,8
32,-79,10
26,-83,5
23,-86,1
28,-89,6
32,-64,6
35,-68,2
28,-87,-4
21,-90,-7
21,-66,-1
24,-52,3
18,-36,4
27,-32,6
15,-32,-5
16,-37,-2
13,-43,-2
14,-56,-1
14,-61,-2
15,-70,-2
15,-79,-3
20,-79,0
22,-86,2
25,-85,4
23,-51,6
22,-51,8
21,-78,9
18,-77,3
19,-60,2
22,-50,4
24,-35,6
23,-29,5
21,-29,3
17,-33,5
17,-35,6
20,-45,6
23,-51,5
22,-66,5
24,-77,5
21,-87,1
24,-100,-2
26,-98,1
29,-66,4
33,-60,4
32,-78,0
24,-83,-3
15,-69,-2
22,-48,5
19,-42,2
20,-32,1
17,-33,-2
15,-36,-3
15,-41,-3
15,-53,-3
15,-58,-4
15,-72,-5
15,-79,-6
18,-79,-3
24,-84,2
24,-79,3
19,-58,2
18,-55,3
18,-74,6
14,-78,3
16,-67,4
16,-47,6
19,-39,5
17,-28,9
16,-29,10
14,-31,6
16,-36,6
19,-45,5
20,-49,5
23,-63,5
25,-85,5
24,-86,3
24,-91,-2
25,-93,1
29,-68,4
33,-67,4
34,-82,-2
26,-85,-5
18,-70,-4
20,-50,4
22,-42,5
20,-37,1
17,-36,0
12,-38,-3
12,-39,-1
13,-49,-1
13,-54,-2
14,-66,-4
15,-83,-5
16,-79,-3
22,-83,4
28,-88,4
21,-60,5
21,-46,8
18,-81,10
18,-75,6
19,-64,4
23,-44,9
23,-38,9
16,-30,7
14,-31,5
17,-33,4
17,-37,4
18,-46,5
20,-55,5
22,-64,6
23,-90,4
22,-89,2
22,-101,0
23,-98,4
24,-63,4
29,-63,3
29,-77,-1
15,-80,-3
12,-70,-1
19,-45,8
19,-37,8
19,-29,2
17,-30,-1
14,-35,-1
13,-40,0
14,-52,-3
16,-69,-5
16,-79,-4
16,-85,-4
15,-83,0
25,-91,4
26,-86,4
20,-49,6
19,-66,11
18,-79,11
11,-70,4
14,-60,5
17,-42,12
14,-35,13
10,-30,12
12,-29,10
15,-31,5
16,-38,4
17,-45,4
19,-54,4
22,-65,5
21,-87,2
22,-87,0
25,-103,0
27,-104,3
31,-64,5
34,-77,3
29,-85,-1
15,-80,-5
16,-69,0
19,-48,7
21,-38,7
19,-30,2
16,-28,0
13,-29,-1
13,-40,-2
14,-47,-2
16,-67,-3
17,-75,-3
17,-82,0
17,-83,2
26,-94,4
22,-64,2
22,-47,6
19,-79,9
15,-88,3
16,-69,0
20,-58,3
18,-36,6
20,-29,5
11,-25,6
14,-28,5
16,-32,4
19,-45,3
20,-51,4
23,-64,5
24,-74,5
22,-86,1
21,-81,-1
26,-101,3
29,-70,4
32,-67,3
30,-83,-1
24,-88,-2
13,-73,-1
15,-60,4
19,-43,4
21,-36,3
16,-34,-1
12,-36,-3
11,-39,-3
13,-47,-3
15,-52,-1
15,-66,-2
15,-73,-2
17,-80,1
21,-91,3
22,-89,2
19,-55,2
19,-59,6
18,-85,7
15,-82,2
19,-62,2
21,-49,4
19,-31,4
18,-25,4
18,-24,5
17,-30,5
16,-37,4
20,-50,3
22,-55,4
25,-69,5
26,-81,5
25,-85,1
25,-99,2
26,-92,5
29,-64,4
34,-67,3
32,-81,-2
23,-83,-4
14,-69,-2
16,-59,5
20,-42,6
20,-34,1
18,-34,-2
14,-36,-2
13,-40,-2
15,-50,-2
15,-57,-2
15,-79,-3
14,-85,-3
15,-84,-3
25,-85,4
24,-79,4
19,-47,8
17,-57,7
19,-79,5
17,-79,2
21,-58,4
22,-39,8
24,-33,8
22,-28,6
21,-27,4
19,-32,5
19,-37,5
22,-49,5
24,-53,6
28,-74,9
24,-90,3
22,-86,-1
25,-100,3
26,-91,6
31,-62,4
33,-64,2
27,-80,-1
22,-83,-2
18,-61,1
21,-41,5
20,-36,4
18,-32,1
16,-33,0
15,-38,-1
14,-42,-1
16,-55,-2
17,-63,-2
17,-79,-1
18,-84,3
23,-84,7
27,-87,6
25,-74,7
22,-44,8
22,-56,9
17,-78,5
16,-65,1
18,-55,1
21,-37,5
21,-30,4
16,-26,5
17,-27,4
17,-34,4
19,-40,4
21,-53,5
23,-61,7
26,-73,8
24,-89,3
24,-85,0
26,-101,3
28,-89,5
34,-61,7
34,-65,6
26,-80,-1
13,-74,-5
17,-64,0
21,-44,4
20,-37,3
17,-33,-1
15,-33,-3
13,-39,-4
15,-49,-4
16,-55,-4
17,-71,-3
17,-79,-2
18,-81,0
18,-84,1
27,-87,5
21,-78,4
17,-45,6
17,-73,9
18,-81,6
15,-66,2
19,-55,5
20,-35,7
20,-30,7
19,-26,5
19,-27,4
21,-35,5
19,-45,5
21,-50,5
25,-63,6
27,-75,7
25,-88,3
23,-85,-1
27,-101,4
28,-90,7
31,-61,7
30,-75,1
24,-83,-2
13,-73,-4
16,-64,0
19,-43,4
19,-35,2
17,-34,0
14,-34,-3
13,-38,-3
13,-46,-2
13,-50,-1
15,-67,-2
15,-78,-3
17,-80,0
19,-81,3
28,-95,6
22,-85,3
21,-41,6
19,-71,9
19,-82,7
18,-70,-1
23,-61,2
23,-40,6
23,-33,6
21,-26,4
20,-26,1
21,-30,2
21,-43,4
22,-50,4
23,-64,5
25,-76,7
23,-87,3
21,-87,2
23,-97,2
27,-72,4
29,-63,4
30,-74,2
26,-83,1
15,-78,-4
17,-68,1
19,-47,5
19,-38,4
17,-31,0
14,-33,-2
14,-37,-2
13,-47,-3
15,-53,-2
15,-68,-2
16,-77,-2
18,-80,1
23,-89,5
24,-89,6
19,-62,7
19,-49,9
19,-74,12
17,-79,9
15,-68,4
17,-57,7
19,-37,8
17,-28,6
16,-27,4
18,-29,4
17,-31,5
19,-42,4
20,-47,4
24,-62,6
27,-73,7
25,-89,4
24,-93,1
28,-98,4
30,-74,5
34,-68,5
32,-81,0
27,-84,-1
17,-69,-2
19,-56,3
20,-38,5
20,-30,2
18,-29,0
15,-34,-1
15,-38,-1
14,-53,-3
16,-62,-2
15,-74,-3
16,-86,-3
17,-83,-1
24,-88,3
23,-82,2
17,-47,4
16,-47,6
17,-80,6
14,-85,1
15,-66,2
19,-43,7
19,-35,7
18,-27,8
18,-25,6
19,-30,5
18,-35,6
18,-46,6
20,-52,6
24,-66,7
25,-89,4
22,-86,0
23,-97,-1
25,-100,2
31,-70,4
34,-64,4
31,-76,-1
18,-82,-4
14,-72,-3
21,-49,5
20,-41,5
20,-33,3
16,-32,0
14,-34,-2
15,-36,-2
15,-49,-2
15,-65,-2
15,-70,-3
17,-81,-2
18,-80,0
23,-85,4
25,-85,4
20,-56,6
21,-48,8
18,-77,7
18,-75,1
19,-65,1
22,-43,4
22,-35,5
19,-27,2
18,-25,3
18,-29,2
19,-34,2
21,-49,4
22,-59,6
25,-67,7
28,-85,7
24,-85,4
25,-93,0
28,-93,4
32,-68,6
34,-78,0
31,-83,-2
20,-80,-5
19,-69,-2
23,-48,5
21,-40,5
17,-31,0
17,-29,-1
16,-33,-1
16,-44,-2
17,-51,-2
17,-64,-3
17,-75,-3
17,-82,-2
18,-83,0
26,-85,4
23,-70,4
19,-48,7
17,-83,8
12,-90,4
15,-68,5
20,-57,7
22,-38,8
20,-31,7
19,-29,8
16,-31,8
16,-39,5
21,-48,5
22,-52,5
25,-61,6
26,-71,5
25,-78,1
25,-82,-2
30,-95,1
30,-80,3
35,-67,1
32,-81,-3
26,-86,-5
19,-67,-1
21,-53,3
25,-37,7
21,-33,4
18,-32,0
17,-37,1
16,-41,0
17,-55,-3
17,-60,-3
16,-78,-5
17,-81,-4
19,-81,1
23,-77,3
25,-76,4
19,-51,2
19,-54,5
21,-80,6
18,-76,4
20,-55,4
20,-45,5
21,-31,5
21,-29,5
17,-30,4
15,-38,7
14,-43,8
18,-51,7
22,-52,6
26,-65,6
29,-77,5
26,-83,1
24,-82,-3
29,-85,4
33,-66,3
36,-69,2
32,-85,-2
25,-84,-4
19,-69,-1
19,-57,2
23,-39,5
20,-30,1
17,-32,-1
15,-36,-2
16,-40,-2
16,-53,-3
15,-64,-4
15,-76,-4
17,-80,-2
20,-79,3
24,-85,3
23,-79,4
18,-49,6
18,-59,8
17,-85,6
18,-79,4
21,-57,5
21,-44,5
21,-31,5
19,-27,5
18,-28,4
19,-35,6
20,-39,5
23,-49,5
26,-52,6
33,-71,8
34,-82,8
27,-76,1
31,-92,3
32,-86,5
34,-65,3
37,-68,1
30,-80,-3
24,-83,-4
21,-64,-2
25,-52,2
17,-39,3
16,-32,-1
15,-35,-3
15,-40,-2
13,-45,-3
15,-52,-1
12,-68,-3
12,-73,-5
15,-75,0
19,-79,3
26,-77,7
25,-72,8
21,-53,6
18,-58,5
23,-81,8
21,-78,7
24,-59,5
23,-41,5
20,-35,4
19,-29,3
19,-29,3
20,-34,4
17,-39,6
23,-51,9
22,-55,7
27,-68,9
26,-83,7
25,-79,4
27,-94,2
29,-91,4
31,-62,4
34,-63,2
33,-84,0
26,-89,-3
20,-69,-3
21,-46,5
24,-36,6
19,-31,1
19,-31,-1
15,-37,-1
15,-40,-1
15,-50,-3
17,-63,-3
19,-68,-3
21,-79,0
21,-80,3
26,-90,6
26,-84,7
22,-56,7
19,-45,9
20,-76,9
18,-74,6
19,-62,7
20,-42,7
19,-35,6
17,-29,5
17,-28,4
17,-33,5
16,-38,7
21,-46,5
28,-54,5
31,-61,6
33,-78,5
31,-78,3
28,-87,-1
32,-95,3
34,-72,4
35,-59,3
37,-72,3
26,-82,-3
21,-78,-5
18,-55,1
21,-46,2
22,-35,4
19,-34,2
15,-37,-2
14,-43,-4
14,-46,-3
15,-57,-4
15,-60,-4
17,-75,-3
17,-77,-2
19,-83,1
25,-85,5
22,-73,4
18,-41,6
17,-58,6
20,-84,5
19,-81,2
24,-60,6
24,-47,8
24,-35,8
23,-33,8
20,-32,6
24,-37,9
22,-40,9
22,-45,7
23,-51,7
25,-73,6
24,-83,3
22,-77,0
25,-93,-1
27,-96,3
31,-54,3
33,-62,2
26,-82,-2
19,-85,-5
16,-65,0
18,-56,4
21,-41,4
19,-37,-1
16,-37,-2
14,-38,-1
15,-39,-1
16,-47,-2
16,-53,-2
16,-71,-1
16,-80,-1
17,-83,1
24,-84,8
26,-83,7
20,-57,5
20,-49,6
21,-74,10
19,-83,8
17,-67,5
18,-57,5
18,-40,5
17,-31,6
17,-30,5
16,-30,3
16,-34,5
20,-41,4
24,-46,5
30,-61,5
31,-70,4
31,-87,3
29,-91,1
31,-91,2
33,-76,4
33,-60,4
34,-57,2
29,-62,-1
21,-73,-4
21,-62,-2
20,-54,0
22,-44,0
20,-44,-1
16,-44,-4
16,-45,-3
16,-48,-3
16,-50,-3
15,-54,-3
17,-65,-2
17,-72,-3
18,-79,-2
20,-82,1
23,-87,3
24,-84,2
25,-72,6
23,-54,8
19,-48,11
16,-70,7
14,-69,5
14,-57,8
19,-50,10
20,-39,10
16,-37,9
15,-35,9
16,-36,8
16,-37,8
20,-44,7
21,-49,7
25,-54,4
29,-63,4
33,-78,4
32,-83,2
30,-90,-1
34,-78,3
35,-65,4
36,-60,4
36,-68,3
25,-80,-1
21,-75,-2
20,-60,4
26,-52,7
22,-41,5
18,-38,1
16,-38,0
13,-43,0
13,-46,0
14,-56,-1
12,-59,-2
16,-71,0
17,-76,0
19,-81,1
26,-86,3
27,-86,4
24,-50,5
24,-44,7
21,-65,8
20,-74,5
17,-66,3
22,-50,7
21,-42,6
21,-34,6
19,-34,6
14,-35,4
15,-36,5
17,-43,7
18,-47,7
21,-54,6
24,-67,5
24,-78,4
26,-84,1
25,-87,0
26,-87,2
29,-78,3
33,-61,7
35,-63,5
26,-70,-4
15,-78,-2
9,-71,-1
17,-55,3
22,-47,3
19,-45,0
15,-46,-3
12,-47,-3
12,-48,-3
12,-52,-4
12,-57,-3
12,-59,-2
14,-68,-2
18,-75,-1
19,-79,1
23,-86,3
25,-87,2
26,-61,4
25,-48,8
20,-59,8
20,-70,6
14,-68,2
16,-61,4
20,-50,9
16,-45,11
21,-41,11
14,-42,9
11,-45,9
14,-49,8
14,-50,8
17,-46,7
19,-44,7
23,-54,8
24,-65,7
21,-74,4
26,-76,4
28,-81,6
28,-69,4
28,-66,5
29,-61,4
26,-67,0
17,-83,-6
18,-71,-2
18,-64,1
26,-55,4
20,-51,-1
16,-55,-3
12,-52,-4
10,-54,-3
8,-53,-3
11,-50,-3
11,-63,-5
14,-64,-3
16,-69,-1
16,-72,-2
18,-82,0
20,-86,1
21,-96,-2
21,-94,-3
24,-80,1
19,-51,6
18,-48,6
15,-60,4
18,-63,3
15,-63,4
18,-62,7
23,-58,12
22,-57,13
16,-51,9
17,-44,8
17,-42,8
16,-41,5
16,-42,4
16,-46,3
16,-49,2
16,-57,0
17,-60,-1
19,-63,-1
23,-84,0
24,-93,0
26,-78,2
26,-61,4
19,-57,2
17,-62,-2
18,-69,-4
18,-68,-3
16,-64,-3
15,-59,-4
15,-57,-4
15,-53,-4
14,-52,-4
12,-52,-4
11,-53,-4
13,-58,-2
13,-67,-1
10,-70,0
14,-74,4
16,-74,4
18,-79,0
20,-79,2
17,-64,4
18,-55,6
17,-56,4
16,-56,1
15,-57,0
17,-52,2
18,-49,3
19,-48,4
18,-49,4
20,-49,4
20,-53,5
19,-54,6
19,-57,5
19,-58,6
18,-59,6
18,-59,5
17,-55,3
18,-54,4
20,-51,4
21,-52,3
22,-55,3
23,-66,1
24,-72,1
25,-62,0
25,-60,0
22,-64,-4
20,-65,-5
19,-61,-7
19,-60,-8
19,-65,-8
17,-63,-9
16,-61,-9
18,-56,-8
19,-56,-8
19,-56,-9
19,-57,-9
20,-59,-7
21,-58,-5
21,-58,-4
22,-58,-3
21,-58,-2
20,-59,-2
21,-61,-1
21,-63,1
21,-64,1
21,-71,1
18,-84,-1
17,-86,-1
17,-79,3
16,-70,6
10,-50,8
7,-50,6
5,-61,2
3,-66,3
8,-62,6
7,-56,7
8,-53,8
9,-50,10
8,-49,10
14,-50,10
16,-51,11
17,-51,9
18,-51,8
21,-50,8
23,-51,8
23,-58,7
21,-69,3
22,-76,1
24,-93,2
24,-87,2
23,-65,3
16,-60,0
16,-65,-3
15,-71,-4
13,-66,-5
13,-57,-4
15,-54,-3
15,-48,-3
15,-49,-5
15,-53,-5
20,-58,-4
19,-60,-4
21,-62,-3
21,-60,-2
22,-58,0
21,-59,1
22,-67,1
22,-72,2
23,-82,3
25,-86,2
26,-83,3
25,-46,10
24,-35,9
21,-44,5
18,-51,3
16,-64,-1
19,-60,2
20,-56,4
20,-53,1
17,-51,1
16,-49,3
15,-49,3
18,-48,4
20,-48,6
23,-46,9
25,-49,9
26,-56,9
28,-67,10
28,-70,9
32,-76,8
32,-77,9
33,-75,8
33,-69,7
34,-59,7
27,-53,0
25,-59,-3
21,-75,-7
20,-74,-7
19,-72,-4
14,-66,-5
16,-60,-5
17,-57,-4
14,-59,-5
12,-57,-6
13,-54,-5
15,-49,0
15,-47,2
15,-48,5
17,-51,5
17,-62,6
18,-76,6
25,-76,9
33,-82,15
33,-78,17
29,-56,16
25,-40,12
25,-39,7
25,-47,6
23,-63,5
25,-68,7
26,-66,9
27,-54,10
26,-50,10
23,-48,10
22,-48,10
24,-48,11
24,-48,12
24,-49,12
27,-69,10
27,-83,9
23,-69,5
23,-56,7
21,-50,7
20,-54,5
20,-63,2
20,-67,2
23,-67,4
22,-57,5
21,-55,4
19,-55,3
19,-56,2
20,-57,2
21,-58,1
21,-58,1
21,-58,0
22,-59,0
22,-63,-2
22,-63,-2
23,-64,-1
23,-64,-1
23,-61,0
23,-59,0
21,-59,0
21,-58,0
21,-58,0
21,-59,0
22,-59,0
23,-59,1
22,-59,1
23,-60,1
23,-59,1
24,-60,1
24,-59,1
24,-59,1
24,-59,1
24,-59,1
