,still,still_music,hand_up,hand_down,walking,running,after_sprint,tapping_fingers,tapping_foot,flexing
2002,55.32,-32.04,32.94,19.9,-3.67,33.14,-5.46,-29.52,25.1,-9.55
2003,60.78,-37.61,28.67,27.27,-1.01,41.02,-1.41,-36.97,24.96,7.66
2004,61.53,-44.12,24.31,32.08,2.14,45.21,3.1,-40.28,25.45,25.79
2005,58.45,-52.67,19.94,34.01,5.41,44.52,7.47,-39.02,26.02,43.27
2006,52.53,-63.83,15.66,33.31,8.3,39.1,11.18,-33.07,25.9,58.6
2007,44.75,-77.21,11.56,30.53,10.22,30.85,13.87,-22.67,24.38,70.72
2008,36.1,-91.22,7.74,26.32,10.53,22.62,15.35,-8.61,21.07,79.12
2009,27.53,-103.14,4.21,21.2,8.79,16.77,15.62,7.56,16.04,83.94
2010,19.88,-109.61,0.94,15.62,5.03,13.91,14.83,23.52,9.73,85.78
2011,13.7,-107.56,-2.17,9.98,-0.03,12.7,13.2,36.63,2.8,85.29
2012,9.16,-95.29,-5.25,4.72,-5.11,10.67,11.03,44.7,-4.17,83.03
2013,6.07,-73.22,-8.38,0.32,-8.67,5.56,8.57,46.75,-10.84,79.32
2014,4.0,-43.96,-11.63,-2.87,-9.55,-3.59,6.0,43.29,-17.18,74.46
2015,2.52,-11.59,-14.98,-4.73,-7.31,-16.02,3.33,35.99,-23.44,68.88
2016,1.43,19.55,-18.43,-5.42,-2.39,-29.77,0.46,26.87,-30.14,63.21
2017,0.8,46.04,-21.92,-5.33,4.16,-42.45,-2.69,17.55,-37.94,58.08
2018,0.81,66.01,-25.49,-4.9,11.14,-51.91,-6.05,8.78,-47.38,53.9
2019,1.59,79.15,-29.26,-4.4,17.56,-56.74,-9.24,0.59,-58.62,50.83
2020,2.96,86.17,-33.46,-3.93,22.78,-56.49,-11.68,-7.16,-70.98,48.66
2021,4.37,88.13,-38.43,-3.46,26.47,-51.77,-12.68,-14.43,-82.78,46.97
2022,5.01,86.06,-44.48,-2.96,28.46,-44.13,-11.8,-20.73,-91.55,45.31
2023,4.18,80.8,-51.68,-2.57,28.64,-35.66,-9.04,-25.3,-94.59,43.36
2024,1.48,73.18,-59.63,-2.57,26.99,-28.27,-4.85,-27.46,-89.89,40.95
2025,-2.96,64.13,-67.22,-3.32,23.73,-22.96,-0.03,-26.93,-76.86,38.14
2026,-8.56,54.71,-72.78,-5.04,19.36,-19.58,4.53,-23.98,-56.73,35.03
2027,-14.55,45.86,-74.45,-7.67,14.68,-17.19,8.15,-19.32,-32.12,31.73
2028,-20.24,38.28,-70.76,-10.84,10.52,-14.96,10.49,-13.89,-6.29,28.32
2029,-25.24,32.19,-61.21,-13.98,7.47,-12.93,11.52,-8.66,17.8,24.78
2030,-29.52,27.39,-46.54,-16.56,5.68,-12.32,11.49,-4.48,38.08,21.12
2031,-33.42,23.49,-28.53,-18.28,4.8,-14.99,10.64,-1.96,53.6,17.31
2032,-37.49,20.14,-9.43,-19.28,4.18,-22.35,9.25,-1.34,64.18,13.24
2033,-42.31,17.29,8.62,-20.03,3.16,-34.48,7.46,-2.39,70.14,8.6
2034,-48.32,15.19,24.11,-21.2,1.39,-49.56,5.42,-4.5,71.92,2.8
2035,-55.46,14.22,36.35,-23.3,-1.09,-64.2,3.27,-6.75,70.11,-4.81
2036,-62.99,14.55,45.24,-26.45,-3.96,-74.52,1.13,-8.22,65.49,-14.39
2037,-69.32,15.93,51.03,-30.14,-6.83,-77.47,-0.91,-8.22,59.07,-25.0
2038,-72.32,17.55,54.05,-33.35,-9.45,-72.03,-2.85,-6.37,52.02,-34.53
2039,-69.8,18.26,54.67,-34.8,-11.77,-59.59,-4.74,-2.71,45.41,-40.11
2040,-60.38,16.89,53.24,-33.4,-13.8,-43.37,-6.59,2.52,39.98,-39.34
2041,-44.08,12.71,50.22,-28.63,-15.58,-27.06,-8.23,8.92,35.96,-31.37
2042,-22.59,5.74,46.15,-20.87,-17.12,-13.2,-9.26,16.12,33.17,-17.33
2043,1.06,-3.21,41.56,-11.2,-18.58,-2.21,-9.14,23.65,31.13,0.06
2044,23.46,-12.86,36.9,-1.16,-20.27,7.42,-7.44,31.04,29.42,17.76
2045,41.74,-21.91,32.44,7.75,-22.62,17.99,-4.11,37.73,27.8,33.55
2046,54.27,-29.52,28.28,14.49,-25.93,30.97,0.44,43.19,26.31,46.64
2047,60.8,-35.63,24.39,18.62,-29.96,45.95,5.35,47.04,25.15,57.31
2048,62.13,-40.95,20.65,20.28,-33.84,60.78,9.68,48.99,24.47,66.13
2049,59.47,-46.68,16.95,19.96,-36.24,72.54,12.7,48.89,24.17,73.2
2050,53.99,-54.1,13.2,18.25,-35.83,79.22,14.13,46.54,23.85,77.98
2051,46.67,-64.07,9.36,15.69,-31.88,80.59,14.1,41.77,22.84,79.81
2052,38.24,-76.58,5.39,12.66,-24.7,78.07,13.02,34.54,20.45,78.46
2053,29.43,-90.37,1.28,9.42,-15.47,73.52,11.32,25.11,16.27,74.51
2054,20.93,-102.94,-2.94,6.11,-5.91,67.87,9.35,14.16,10.28,69.1
2055,13.36,-110.97,-7.22,2.87,2.45,60.55,7.3,2.63,2.93,63.39
2056,7.14,-111.14,-11.49,-0.13,8.71,50.15,5.3,-8.47,-5.06,58.09
2057,2.36,-101.28,-15.73,-2.65,12.74,35.82,3.46,-18.39,-12.97,53.28
2058,-1.03,-81.27,-19.96,-4.39,14.97,18.61,1.84,-26.78,-20.31,48.73
2059,-3.23,-53.25,-24.31,-5.1,15.98,1.71,0.38,-33.73,-26.97,44.19
2060,-4.37,-21.14,-29.02,-4.67,16.19,-10.83,-1.09,-39.47,-33.26,39.66
2061,-4.55,10.62,-34.47,-3.29,15.73,-16.0,-2.8,-44.24,-39.8,35.39
2062,-3.91,38.28,-41.06,-1.37,14.58,-13.53,-4.95,-48.05,-47.37,31.82
2063,-2.79,59.68,-49.08,0.48,12.76,-6.16,-7.5,-50.8,-56.56,29.17
2064,-1.7,74.31,-58.49,1.73,10.47,1.64,-10.06,-52.41,-67.4,27.35
2065,-1.27,82.82,-68.63,2.02,8.03,5.73,-12.03,-52.8,-79.07,25.99
2066,-2.05,86.24,-78.11,1.29,5.74,4.21,-12.74,-52.01,-89.74,24.59
2067,-4.3,85.54,-85.0,-0.24,3.73,-2.03,-11.76,-49.97,-96.93,22.73
2068,-7.92,81.42,-87.25,-2.22,1.82,-9.98,-9.11,-46.53,-98.13,20.22
2069,-12.48,74.61,-83.37,-4.34,-0.27,-16.13,-5.27,-41.45,-91.65,17.14
2070,-17.43,66.01,-72.89,-6.37,-2.78,-18.04,-1.05,-34.67,-77.26,13.68
2071,-22.25,56.76,-56.67,-8.27,-5.65,-15.16,2.69,-26.54,-56.34,10.04
2072,-26.77,48.02,-36.6,-10.17,-8.44,-8.74,5.34,-17.86,-31.58,6.16
2073,-31.2,40.63,-15.07,-12.25,-10.58,-1.09,6.62,-9.72,-6.1,1.74
2074,-36.11,34.89,5.67,-14.7,-11.47,5.43,6.62,-3.23,17.28,-3.73
2075,-42.18,30.58,23.96,-17.52,-10.87,9.08,5.63,0.88,36.66,-10.8
2076,-49.76,27.16,38.92,-20.43,-8.89,8.93,4.06,2.48,51.18,-19.61
2077,-58.55,24.12,50.24,-22.9,-5.88,4.77,2.26,1.99,60.85,-29.71
2078,-67.26,21.3,58.04,-24.15,-2.34,-3.25,0.56,0.19,66.12,-39.77
2079,-73.84,18.9,62.6,-23.41,1.27,-14.56,-0.8,-2.01,67.63,-47.83
2080,-75.85,17.37,64.37,-20.25,4.45,-27.93,-1.66,-3.76,66.07,-51.79
2081,-71.31,17.08,63.9,-14.72,6.57,-41.34,-1.99,-4.39,62.18,-50.07
2082,-59.44,18.02,61.84,-7.45,6.96,-52.2,-1.97,-3.49,56.79,-42.24
2083,-41.05,19.63,58.81,0.56,5.1,-58.02,-1.99,-0.99,50.84,-29.15
2084,-18.46,20.88,55.27,8.24,1.12,-57.23,-2.48,2.72,45.21,-12.72
2085,5.17,20.61,51.41,14.74,-3.95,-49.9,-3.73,6.77,40.53,4.72
2086,26.64,17.93,47.25,19.62,-8.34,-37.58,-5.7,10.03,37.03,21.07
2087,43.57,12.56,42.73,22.78,-10.1,-22.6,-7.95,11.41,34.49,34.95
2088,54.79,4.92,37.9,24.26,-7.97,-7.13,-9.78,10.27,32.49,45.78
2089,60.33,-3.97,33.0,24.13,-1.96,7.53,-10.57,6.69,30.59,53.54
2090,61.05,-12.94,28.44,22.43,6.62,21.06,-9.97,1.46,28.65,58.49
2091,58.17,-21.04,24.63,19.29,15.78,33.63,-8.15,-4.35,26.83,60.9
2092,52.86,-27.91,21.7,15.03,23.7,45.17,-5.66,-9.76,25.5,60.98
2093,46.13,-33.79,19.47,10.24,29.36,55.01,-3.18,-14.33,25.0,58.99
2094,38.77,-39.36,17.45,5.62,32.69,62.03,-1.24,-18.26,25.32,55.3
2095,31.44,-45.53,15.09,1.82,34.15,65.18,-0.05,-22.16,26.07,50.43
2096,24.74,-53.14,11.99,-0.77,34.21,64.19,0.45,-26.68,26.51,44.99
2097,19.11,-62.73,8.02,-2.08,33.01,59.94,0.45,-32.15,25.75,39.54
2098,14.81,-74.22,3.32,-2.3,30.38,54.04,0.04,-38.33,23.08,34.49
2099,11.85,-86.61,-1.82,-1.76,26.24,48.14,-0.78,-44.39,18.17,30.03
2100,9.98,-97.81,-7.11,-0.85,20.86,43.05,-2.08,-49.07,11.2,26.17
2101,8.82,-104.84,-12.38,0.04,14.93,38.38,-3.84,-50.87,2.76,22.8
2102,7.93,-104.62,-17.64,0.54,9.41,32.79,-5.87,-48.36,-6.25,19.77
2103,6.93,-94.97,-23.08,0.4,5.06,24.96,-7.88,-40.59,-14.93,17.02
2104,5.53,-75.61,-29.09,-0.5,2.2,14.54,-9.64,-27.53,-22.64,14.48
2105,3.55,-48.46,-36.17,-2.01,0.54,2.69,-11.1,-10.41,-29.16,12.13
2106,0.93,-17.25,-44.8,-3.8,-0.57,-8.24,-12.44,8.36,-34.78,9.94
2107,-2.39,13.72,-55.13,-5.45,-1.84,-15.84,-13.88,25.75,-40.2,7.87
2108,-6.41,40.71,-66.62,-6.7,-3.64,-18.83,-15.49,38.91,-46.36,5.83
2109,-11.16,61.5,-77.87,-7.58,-5.85,-17.81,-17.01,46.0,-54.05,3.68
2110,-16.62,75.49,-86.73,-8.44,-7.95,-15.01,-17.95,46.69,-63.61,1.25
2111,-22.74,83.2,-90.86,-9.79,-9.36,-13.27,-17.71,41.97,-74.56,-1.73
2112,-29.37,85.69,-88.46,-12.02,-9.83,-14.74,-15.96,33.51,-85.5,-5.51
2113,-36.38,83.95,-78.93,-15.16,-9.61,-20.02,-12.78,23.04,-94.25,-10.44
2114,-43.76,78.82,-63.08,-18.69,-9.4,-27.95,-8.69,11.87,-98.3,-16.76
2115,-51.63,71.08,-42.89,-21.7,-10.0,-36.31,-4.48,0.94,-95.57,-24.57
2116,-60.17,61.73,-20.83,-23.07,-11.95,-42.64,-0.89,-8.99,-85.05,-33.59
2117,-69.24,51.96,0.83,-21.93,-15.29,-45.21,1.59,-17.14,-67.24,-42.99
2118,-77.97,42.98,20.46,-17.9,-19.58,-43.4,2.82,-22.61,-44.07,-51.42
2119,-84.6,35.69,37.13,-11.32,-24.08,-37.88,2.96,-24.7,-18.41,-57.2
2120,-86.77,30.45,50.43,-3.12,-28.02,-30.33,2.31,-23.25,6.71,-58.76
2121,-82.26,27.05,60.24,5.45,-30.73,-23.01,1.18,-18.73,28.74,-55.17
2122,-69.9,24.89,66.53,13.2,-31.75,-18.3,-0.26,-12.2,46.1,-46.39
2123,-50.27,23.34,69.52,19.27,-30.72,-18.03,-1.91,-5.02,58.19,-33.44
2124,-25.72,21.96,69.69,23.3,-27.49,-22.96,-3.74,1.49,65.17,-17.95
2125,0.31,20.74,67.82,25.29,-22.16,-32.31,-5.69,6.28,67.7,-1.76
2126,24.3,19.94,64.83,25.49,-15.14,-43.81,-7.73,8.75,66.56,13.52
2127,43.63,19.93,61.52,24.13,-7.18,-54.47,-9.76,8.68,62.58,26.72
2128,57.05,20.9,58.31,21.4,0.85,-61.58,-11.68,6.1,56.64,37.18
2129,64.61,22.61,55.18,17.55,8.11,-63.68,-13.36,1.13,49.63,44.54
2130,67.21,24.36,51.84,12.93,14.04,-60.92,-14.53,-6.09,42.54,48.7
2131,66.06,25.16,47.97,8.11,18.34,-54.58,-14.89,-15.39,36.25,49.77
2132,62.23,24.03,43.5,3.75,20.97,-46.12,-14.06,-26.34,31.49,48.11
2133,56.63,20.32,38.69,0.41,22.0,-36.4,-11.86,-38.1,28.62,44.37
2134,49.9,14.04,34.04,-1.61,21.58,-25.37,-8.35,-49.14,27.56,39.31
2135,42.63,5.87,30.1,-2.39,19.82,-12.51,-3.95,-57.51,27.84,33.76
2136,35.34,-3.09,27.18,-2.31,16.94,2.44,0.67,-61.09,28.78,28.35
2137,28.48,-11.72,25.16,-1.88,13.22,18.84,4.81,-58.26,29.77,23.5
2138,22.38,-19.29,23.6,-1.54,9.02,35.23,7.97,-48.38,30.42,19.42
2139,17.19,-25.71,21.83,-1.54,4.79,49.7,9.98,-31.91,30.68,16.12
2140,12.95,-31.52,19.22,-1.94,0.89,60.75,10.9,-10.39,30.71,13.53
2141,9.61,-37.6,15.37,-2.68,-2.4,67.82,10.98,13.93,30.62,11.47
2142,7.09,-44.84,10.25,-3.69,-5.0,71.39,10.4,38.52,30.35,9.73
2143,5.29,-53.92,4.16,-4.86,-6.92,72.39,9.25,60.95,29.5,8.07
2144,4.06,-64.98,-2.4,-6.11,-8.28,71.4,7.61,79.04,27.47,6.29
2145,3.13,-77.42,-8.91,-7.4,-9.13,68.2,5.6,91.1,23.73,4.32
2146,2.17,-89.74,-15.02,-8.75,-9.48,62.01,3.39,96.1,18.06,2.19
2147,0.86,-99.56,-20.64,-10.27,-9.37,52.25,1.14,93.84,10.73,0.02
2148,-1.03,-104.03,-25.98,-12.19,-8.88,39.47,-1.07,85.05,2.47,-2.09
2149,-3.57,-100.6,-31.5,-14.7,-8.22,25.73,-3.26,71.16,-5.86,-4.21
2150,-6.7,-87.95,-37.81,-17.8,-7.72,14.0,-5.47,54.14,-13.54,-6.58
2151,-10.34,-66.63,-45.5,-21.09,-7.65,6.89,-7.58,36.01,-20.24,-9.57
2152,-14.49,-39.12,-54.86,-23.76,-8.12,5.24,-9.28,18.59,-26.08,-13.59
2153,-19.34,-9.14,-65.64,-24.76,-8.97,7.44,-10.07,3.22,-31.54,-19.05
2154,-25.17,19.38,-76.81,-23.17,-9.84,10.04,-9.52,-9.31,-37.25,-26.15
2155,-32.27,43.4,-86.56,-18.64,-10.34,9.29,-7.49,-18.76,-43.86,-34.87
2156,-40.75,61.29,-92.64,-11.55,-10.22,3.0,-4.25,-25.34,-51.9,-44.66
2157,-50.31,72.73,-92.97,-2.93,-9.34,-8.41,-0.4,-29.5,-61.57,-54.43
2158,-60.02,78.28,-86.3,5.87,-7.66,-22.02,3.29,-31.85,-72.5,-62.53
2159,-68.31,78.76,-72.71,13.64,-5.08,-33.81,6.18,-32.87,-83.55,-67.09
2160,-73.06,75.05,-53.64,19.61,-1.42,-40.36,7.92,-32.89,-92.76,-66.55
2161,-72.17,68.02,-31.39,23.56,3.5,-40.25,8.45,-32.05,-97.7,-60.17
2162,-64.18,58.73,-8.5,25.63,9.7,-34.38,7.97,-30.4,-96.16,-48.31
2163,-48.98,48.48,12.92,26.05,16.88,-25.3,6.78,-28.05,-86.91,-32.35
2164,-28.05,38.6,31.5,24.98,24.42,-15.91,5.17,-25.35,-70.23,-14.33
2165,-4.16,30.17,46.62,22.48,31.43,-8.29,3.39,-22.95,-47.96,3.73
2166,19.4,23.77,58.14,18.67,37.08,-3.37,1.59,-21.57,-22.91,20.17
2167,39.67,19.34,66.18,13.87,40.72,-1.28,-0.15,-21.77,1.86,33.94
2168,54.81,16.37,70.93,8.68,41.99,-2.04,-1.85,-23.53,23.85,44.51
2169,64.19,14.22,72.68,3.78,40.79,-6.07,-3.6,-26.22,41.5,51.76
2170,68.25,12.48,71.88,-0.18,37.2,-13.75,-5.57,-28.56,54.2,55.75
2171,67.97,11.15,69.13,-2.88,31.46,-24.62,-7.77,-29.1,62.04,56.73
2172,64.49,10.56,65.18,-4.29,24.01,-36.82,-10.11,-26.57,65.4,55.13
2173,58.91,11.07,60.74,-4.68,15.58,-47.14,-12.2,-20.27,64.87,51.46
2174,52.18,12.77,56.4,-4.42,7.22,-52.23,-13.48,-10.38,61.14,46.37
2175,45.16,15.2,52.47,-3.91,0.08,-50.08,-13.36,2.25,55.02,40.42
2176,38.49,17.45,49.02,-3.46,-4.87,-41.09,-11.47,16.26,47.57,34.12
2177,32.52,18.4,45.87,-3.25,-7.21,-27.88,-7.81,30.19,39.88,27.94
2178,27.3,17.09,42.78,-3.38,-7.24,-14.12,-2.83,42.8,32.93,22.28
2179,22.66,13.16,39.52,-3.81,-5.9,-2.76,2.69,53.32,27.43,17.49
2180,18.44,6.87,36.07,-4.47,-4.38,5.18,7.92,61.58,23.7,13.84
2181,14.61,-0.91,32.61,-5.3,-3.69,10.72,12.14,67.84,21.56,11.36
2182,11.46,-9.08,29.47,-6.27,-4.26,15.99,14.98,72.53,20.58,9.8
2183,9.31,-16.69,26.94,-7.58,-6.0,22.85,16.36,75.83,20.24,8.66
2184,8.4,-23.29,25.07,-9.48,-8.45,31.8,16.42,77.4,20.18,7.34
2185,8.53,-29.02,23.66,-12.21,-11.24,41.8,15.51,76.49,20.23,5.39
2186,9.09,-34.51,22.18,-15.85,-14.21,50.92,13.95,72.28,20.47,2.63
2187,9.2,-40.68,20.07,-20.12,-17.41,57.31,12.08,64.43,21.03,-0.76
2188,8.0,-48.48,16.89,-24.34,-20.82,59.87,10.16,53.4,21.88,-4.41
2189,5.04,-58.4,12.48,-27.56,-24.09,58.38,8.36,40.46,22.78,-7.98
2190,0.37,-70.22,7.06,-28.81,-26.52,53.14,6.7,27.17,23.28,-11.35
2191,-5.41,-82.63,1.05,-27.35,-27.36,44.76,5.09,14.83,22.82,-14.72
2192,-11.53,-93.27,-5.08,-23.01,-26.18,34.06,3.37,3.97,20.89,-18.59
2193,-17.29,-99.18,-11.01,-16.23,-23.12,22.41,1.34,-5.67,17.23,-23.69
2194,-22.36,-97.61,-16.64,-8.0,-18.92,11.78,-1.07,-14.81,11.91,-30.57
2195,-26.9,-86.94,-22.14,0.42,-14.57,4.51,-3.74,-24.16,5.33,-39.42
2196,-31.43,-67.42,-27.87,7.88,-10.89,2.36,-6.28,-34.08,-1.91,-49.65
2197,-36.71,-41.28,-34.25,13.53,-8.26,5.57,-8.12,-44.36,-9.17,-59.85
2198,-43.43,-12.11,-41.7,17.02,-6.54,12.29,-8.65,-54.3,-15.94,-68.01
2199,-51.87,16.22,-50.49,18.32,-5.34,19.03,-7.46,-62.66,-22.02,-71.92
2200,-61.6,40.56,-60.52,17.69,-4.23,21.94,-4.55,-67.85,-27.58,-69.78
2201,-71.22,59.16,-71.16,15.41,-2.91,18.46,-0.37,-68.2,-33.13,-60.73
2202,-78.47,71.57,-81.1,11.79,-1.27,8.33,4.28,-62.38,-39.36,-45.19
2203,-80.69,78.24,-88.44,7.2,0.72,-6.28,8.55,-50.05,-46.9,-24.92
2204,-75.7,79.91,-91.15,2.12,2.99,-21.81,11.8,-32.34,-55.96,-2.65
2205,-62.61,77.41,-87.61,-2.8,5.41,-34.72,13.73,-11.87,-66.13,18.54
2206,-42.35,71.59,-77.18,-6.86,7.69,-42.68,14.36,7.84,-76.15,36.02
2207,-17.52,63.46,-60.52,-9.47,9.43,-45.07,13.92,23.31,-84.14,48.25
2208,8.32,54.26,-39.49,-10.34,10.32,-42.8,12.71,32.28,-87.98,55.02
2209,31.74,45.25,-16.61,-9.56,10.28,-37.55,11.01,34.28,-85.84,57.27
2210,50.36,37.38,5.59,-7.59,9.54,-31.19,9.05,30.63,-76.89,56.43
2211,63.21,31.14,25.18,-5.06,8.53,-25.41,7.08,23.7,-61.47,53.84
2212,70.52,26.39,41.08,-2.56,7.65,-21.67,5.25,16.01,-41.15,50.23
2213,73.18,22.65,52.99,-0.49,6.99,-21.19,3.63,9.32,-18.29,45.84
2214,72.24,19.36,61.09,0.98,6.35,-24.73,2.12,4.41,4.53,40.71
2215,68.6,16.26,65.78,1.86,5.29,-32.07,0.49,1.22,25.05,35.1
2216,62.99,13.47,67.47,2.25,3.53,-41.78,-1.43,-0.74,41.66,29.63
2217,56.16,11.4,66.65,2.22,1.12,-51.4,-3.67,-1.95,53.49,25.09
2218,48.96,10.51,63.91,1.85,-1.52,-58.28,-5.98,-2.8,60.34,21.99
2219,42.25,10.96,59.95,1.17,-3.79,-60.6,-7.89,-3.64,62.54,20.29
2220,36.76,12.36,55.55,0.16,-5.26,-58.06,-8.87,-4.98,60.76,19.35
2221,32.84,13.81,51.32,-1.26,-5.89,-51.68,-8.5,-7.39,55.92,18.32
2222,30.35,14.13,47.62,-3.26,-6.04,-43.08,-6.71,-11.31,49.03,16.61
2223,28.75,12.28,44.49,-5.97,-6.25,-33.5,-3.72,-16.75,41.11,14.14
2224,27.34,7.77,41.7,-9.43,-6.93,-23.22,-0.06,-23.17,33.04,11.4
2225,25.55,0.91,38.9,-13.32,-8.16,-11.85,3.64,-29.53,25.54,9.11
2226,23.17,-7.3,35.83,-16.98,-9.55,0.81,6.75,-34.72,19.12,7.89
2227,20.41,-15.61,32.43,-19.42,-10.46,14.08,8.85,-37.9,14.06,7.9
2228,17.78,-22.98,28.9,-19.69,-10.21,26.22,9.75,-38.73,10.48,8.77
2229,15.78,-29.01,25.63,-17.17,-8.37,35.03,9.52,-37.39,8.28,9.7
2230,14.57,-34.1,23.0,-11.84,-4.83,38.84,8.47,-34.37,7.28,9.76
2231,13.83,-39.16,21.2,-4.38,0.13,37.29,6.95,-30.16,7.22,8.14
2232,12.81,-45.41,20.06,4.11,6.03,31.48,5.31,-25.15,7.86,4.33
2233,10.61,-53.84,19.1,12.35,12.24,23.11,3.73,-19.57,8.97,-1.73
2234,6.63,-64.95,17.66,19.27,18.13,13.69,2.24,-13.52,10.31,-9.64
2235,0.8,-78.27,15.16,24.21,23.05,4.02,0.74,-7.15,11.52,-18.43
2236,-6.31,-92.22,11.33,26.95,26.36,-5.55,-0.91,-0.74,12.08,-26.66
2237,-13.8,-104.08,6.24,27.58,27.48,-14.35,-2.81,5.27,11.38,-32.63
2238,-20.76,-110.58,0.29,26.37,26.15,-20.9,-4.96,10.29,8.93,-34.73
2239,-26.76,-108.71,-6.0,23.66,22.51,-23.08,-7.26,13.71,4.54,-31.87
2240,-31.86,-96.86,-12.17,19.77,17.28,-19.18,-9.54,15.11,-1.52,-23.79
2241,-36.62,-75.43,-17.93,15.11,11.58,-9.01,-11.46,14.54,-8.53,-11.05
2242,-41.78,-47.01,-23.3,10.22,6.64,5.42,-12.66,12.67,-15.61,5.21
2243,-47.98,-15.62,-28.51,5.74,3.36,20.34,-12.75,10.67,-22.08,23.69
2244,-55.59,14.47,-34.03,2.36,2.08,31.52,-11.47,9.94,-27.75,43.25
2245,-64.52,39.91,-40.41,0.56,2.41,35.74,-8.84,11.61,-33.06,62.98
2246,-74.14,58.97,-48.13,0.47,3.51,31.97,-5.22,16.08,-38.84,82.05
2247,-83.09,71.44,-57.23,1.78,4.34,21.39,-1.25,22.88,-46.02,99.61
2248,-89.42,78.16,-67.14,3.81,4.07,7.03,2.33,30.7,-55.06,114.71
2249,-90.87,80.29,-76.49,5.72,2.33,-7.39,4.94,37.8,-65.65,126.59
2250,-85.5,78.81,-83.33,6.87,-0.8,-18.46,6.28,42.56,-76.56,134.96
2251,-72.46,74.48,-85.6,6.96,-4.85,-23.97,6.42,43.82,-85.86,140.42
2252,-52.48,67.93,-81.72,6.14,-9.11,-23.5,5.65,41.22,-91.3,144.38
2253,-27.88,59.93,-71.17,4.83,-12.92,-18.54,4.37,35.1,-90.91,148.88
2254,-1.94,51.4,-54.7,3.49,-15.85,-11.96,2.89,26.32,-83.52,156.1
2255,21.99,43.3,-34.2,2.37,-17.8,-7.05,1.43,15.96,-69.17,167.85
2256,41.41,36.38,-12.1,1.35,-19.01,-6.35,0.04,5.05,-49.13,185.17
2257,55.17,30.93,9.2,0.14,-19.89,-10.65,-1.33,-5.51,-25.66,207.79
2258,63.32,26.79,27.87,-1.61,-20.86,-18.96,-2.85,-14.91,-1.53,234.03
2259,66.75,23.49,42.92,-4.09,-22.11,-28.98,-4.73,-22.41,20.65,260.96
2260,66.57,20.61,54.03,-7.26,-23.49,-37.97,-7.11,-27.35,38.92,284.99
2261,63.82,17.99,61.32,-10.89,-24.61,-43.69,-9.98,-29.3,52.18,302.88
2262,59.34,15.82,65.14,-14.65,-24.94,-44.85,-13.07,-28.33,60.26,312.66
2263,53.81,14.5,65.87,-18.14,-24.11,-41.41,-15.82,-25.02,63.61,314.19
2264,47.9,14.29,64.04,-20.85,-21.97,-34.26,-17.54,-20.41,63.04,308.89
2265,42.21,15.07,60.32,-22.13,-18.72,-24.98,-17.63,-15.67,59.5,298.96
2266,37.27,16.17,55.54,-21.29,-14.75,-15.24,-15.82,-11.62,53.87,286.35
2267,33.44,16.59,50.52,-17.79,-10.5,-6.4,-12.28,-8.47,47.0,272.19
2268,30.83,15.27,45.91,-11.52,-6.42,0.94,-7.59,-5.85,39.66,256.67
2269,29.3,11.52,41.93,-3.08,-2.81,7.03,-2.57,-3.18,32.46,239.61
2270,28.58,5.29,38.45,6.39,0.1,12.74,1.98,-0.03,25.87,220.97
2271,28.3,-2.82,35.08,15.39,2.21,19.04,5.45,3.43,20.13,201.13
2272,28.14,-11.75,31.48,22.59,3.55,26.36,7.53,6.54,15.31,180.69
2273,27.88,-20.33,27.54,27.16,4.3,34.33,8.23,8.42,11.43,160.05
2274,27.42,-27.76,23.55,28.91,4.78,41.73,7.77,8.47,8.58,139.19
2275,26.72,-33.82,20.01,28.2,5.32,47.06,6.47,6.67,6.84,117.63
2276,25.79,-38.92,17.37,25.67,6.05,49.3,4.65,3.65,6.26,94.86
2277,24.59,-43.95,15.8,21.94,6.77,48.44,2.61,0.46,6.64,70.64
2278,23.0,-49.98,14.98,17.48,6.98,45.39,0.48,-1.79,7.52,45.27
2279,20.85,-57.94,14.21,12.65,6.12,41.24,-1.67,-2.15,8.2,19.58
2280,17.94,-68.28,12.68,7.8,3.85,36.49,-3.9,0.02,7.92,-5.22
2281,14.05,-80.56,9.77,3.4,0.38,30.68,-6.32,4.83,6.15,-27.8
2282,9.13,-93.23,5.25,-0.03,-3.64,22.85,-9.04,11.84,2.7,-47.19
2283,3.23,-103.63,-0.6,-2.04,-7.33,12.43,-11.99,19.95,-2.18,-62.98
2284,-3.39,-108.52,-7.2,-2.45,-9.99,0.12,-14.94,27.57,-8.03,-75.59
2285,-10.37,-104.97,-13.82,-1.53,-11.37,-12.02,-17.36,32.95,-14.28,-86.16
2286,-17.24,-91.47,-19.92,0.1,-11.71,-21.32,-18.59,34.62,-20.51,-96.26
2287,-23.6,-68.63,-25.24,1.68,-11.49,-25.59,-18.0,31.96,-26.6,-107.36
2288,-29.18,-39.24,-29.93,2.6,-11.17,-24.11,-15.28,25.37,-32.73,-120.3
2289,-33.92,-7.46,-34.51,2.62,-11.02,-17.76,-10.57,16.1,-39.43,-135.04
2290,-37.98,22.37,-39.74,1.92,-11.11,-8.58,-4.55,5.74,-47.4,-150.73
2291,-41.76,46.99,-46.4,0.87,-11.44,1.1,1.75,-4.28,-57.19,-166.14
2292,-45.81,64.81,-54.95,-0.15,-12.08,9.25,7.27,-13.16,-68.77,-180.13
2293,-50.72,75.85,-65.23,-1.02,-13.04,14.51,11.22,-20.66,-81.21,-191.99
2294,-56.89,81.12,-76.23,-1.83,-14.17,16.21,13.3,-26.95,-92.54,-201.39
2295,-64.24,81.91,-86.07,-2.88,-14.99,14.48,13.66,-32.15,-100.08,-208.31
2296,-71.9,79.3,-92.43,-4.45,-14.78,10.17,12.79,-36.09,-101.24,-212.7
2297,-78.18,74.04,-93.12,-6.69,-12.83,4.83,11.23,-38.16,-94.35,-214.52
2298,-80.78,66.77,-86.85,-9.6,-8.74,0.27,9.35,-37.5,-79.36,-213.91
2299,-77.48,58.23,-73.68,-13.05,-2.7,-2.1,7.29,-33.34,-57.91,-211.36
2300,-66.97,49.34,-55.01,-16.76,4.56,-1.91,5.04,-25.42,-32.86,-207.77
2301,-49.48,41.11,-33.21,-20.34,11.96,-0.12,2.53,-14.4,-7.4,-204.28
2302,-26.87,34.36,-10.89,-23.21,18.46,1.31,-0.28,-1.82,15.74,-201.89
2303,-2.2,29.47,9.79,-24.67,23.32,0.14,-3.34,10.21,34.85,-201.12
2304,21.2,26.28,27.5,-23.99,26.35,-5.23,-6.52,19.6,49.21,-201.89
2305,40.64,24.25,41.68,-20.64,27.77,-15.05,-9.61,24.93,58.83,-203.64
2306,54.69,22.7,52.3,-14.53,28.13,-27.88,-12.33,25.83,64.08,-205.78
2307,63.17,21.17,59.5,-6.25,27.97,-41.07,-14.32,23.09,65.57,-208.0
2308,66.81,19.58,63.47,3.1,27.65,-51.63,-15.16,18.31,64.03,-210.47
2309,66.7,18.26,64.39,12.14,27.3,-57.28,-14.49,13.44,60.31,-213.73
2310,63.92,17.63,62.69,19.59,26.85,-57.16,-12.1,10.15,55.36,-218.28
2311,59.42,17.88,59.08,24.68,26.17,-51.92,-8.14,9.47,50.01,-224.11
2312,53.96,18.67,54.49,27.21,25.13,-43.06,-3.09,11.56,44.78,-230.37
2313,48.24,19.2,49.81,27.46,23.67,-32.09,2.28,15.78,39.8,-235.35
2314,42.85,18.41,45.65,25.95,21.8,-19.88,7.18,20.86,34.96,-236.82
2315,38.19,15.45,42.11,23.11,19.55,-6.63,10.95,25.23,30.1,-232.77
2316,34.5,10.0,38.9,19.29,16.99,7.49,13.22,27.43,25.27,-221.99
2317,31.8,2.47,35.53,14.74,14.3,21.63,13.96,26.37,20.82,-204.5
2318,29.98,-6.19,31.67,9.83,11.74,34.03,13.41,21.57,17.24,-181.52
2319,28.89,-14.82,27.34,5.07,9.67,42.48,11.97,13.15,14.87,-155.09
2320,28.35,-22.47,22.97,1.09,8.33,45.49,10.04,1.78,13.68,-127.42
2321,28.13,-28.75,19.17,-1.55,7.77,43.3,7.98,-11.33,13.22,-100.47
2322,28.05,-33.91,16.49,-2.56,7.78,38.06,5.99,-24.59,12.83,-75.6
2323,27.87,-38.64,15.04,-2.01,7.98,32.8,4.14,-36.17,11.82,-53.7
2324,27.44,-43.91,14.42,-0.31,8.04,29.85,2.33,-44.27,9.78,-35.35
2325,26.63,-50.65,13.85,1.98,7.75,29.51,0.34,-47.54,6.57,-21.05
2326,25.39,-59.53,12.47,4.23,7.04,29.99,-2.01,-45.62,2.28,-11.12
2327,23.69,-70.66,9.62,5.99,5.95,28.54,-4.75,-39.35,-2.82,-5.62
2328,21.57,-83.34,5.12,6.95,4.48,23.05,-7.66,-30.77,-8.44,-4.09
2329,18.98,-95.78,-0.73,7.04,2.69,13.33,-10.21,-22.57,-14.36,-5.58
2330,15.92,-105.25,-7.34,6.31,0.7,1.23,-11.72,-17.22,-20.43,-8.8
2331,12.34,-108.62,-14.09,4.92,-1.19,-10.41,-11.6,-16.12,-26.7,-12.5
2332,8.25,-103.3,-20.55,3.05,-2.56,-19.16,-9.53,-19.21,-33.51,-15.74
2333,3.67,-88.22,-26.6,0.86,-2.95,-23.98,-5.67,-25.04,-41.39,-18.15
2334,-1.32,-64.43,-32.43,-1.57,-2.14,-25.27,-0.6,-31.5,-50.86,-19.84
2335,-6.56,-34.88,-38.43,-4.16,-0.14,-24.3,4.82,-36.51,-61.95,-21.2
2336,-11.82,-3.61,-45.17,-6.87,2.72,-22.28,9.74,-38.61,-73.75,-22.69
2337,-16.86,25.44,-53.23,-9.68,5.97,-19.94,13.46,-37.02,-84.32,-24.57
2338,-21.47,49.4,-63.02,-12.46,9.1,-17.5,15.55,-31.46,-91.06,-26.9
2339,-25.54,66.92,-74.39,-15.02,11.66,-15.05,15.94,-21.9,-91.44,-29.51
2340,-29.07,78.0,-86.34,-16.95,13.33,-12.66,14.76,-8.52,-83.91,-32.11
2341,-32.25,83.38,-96.99,-17.66,13.93,-10.61,12.39,8.03,-68.58,-34.41
2342,-35.4,84.11,-103.82,-16.49,13.43,-9.08,9.33,26.24,-47.17,-36.27
2343,-39.0,81.14,-104.43,-12.92,11.96,-8.07,6.11,43.7,-22.6,-37.81
2344,-43.5,75.4,-97.37,-6.78,9.77,-7.52,3.13,57.47,1.93,-39.51
2345,-49.17,67.76,-82.71,1.51,7.09,-7.65,0.58,64.84,23.78,-42.15
2346,-55.71,59.19,-62.11,10.93,4.13,-9.19,-1.6,64.31,41.35,-46.62
2347,-62.08,50.58,-38.22,20.11,0.96,-13.27,-3.68,56.0,54.09,-53.6
2348,-66.48,42.68,-13.91,27.64,-2.35,-21.08,-5.95,41.6,62.19,-63.07
2349,-66.8,35.95,8.56,32.53,-5.67,-33.06,-8.54,23.68,66.2,-74.06
2350,-61.34,30.6,27.92,34.39,-8.85,-48.29,-11.24,4.81,66.75,-84.65
2351,-49.51,26.59,43.74,33.52,-11.72,-64.37,-13.49,-13.02,64.47,-92.34
2352,-32.24,23.76,56.08,30.62,-14.19,-78.06,-14.57,-28.42,60.01,-94.76
2353,-11.81,21.93,65.05,26.5,-16.29,-86.44,-13.83,-40.14,54.09,-90.39
2354,8.83,20.88,70.7,21.76,-18.15,-87.85,-11.01,-46.79,47.45,-79.02
2355,26.94,20.44,73.09,16.78,-19.83,-82.33,-6.37,-46.85,40.7,-61.88
2356,40.66,20.45,72.5,11.77,-21.27,-71.23,-0.6,-39.41,34.29,-41.14
2357,49.39,20.8,69.55,7.04,-22.26,-56.31,5.33,-25.07,28.41,-19.37
2358,53.5,21.35,65.13,3.04,-22.58,-38.97,10.46,-6.43,23.17,1.12
2359,53.96,21.88,60.15,0.25,-22.14,-20.02,14.12,12.15,18.67,18.65
2360,51.81,22.05,55.32,-0.96,-21.07,-0.07,15.99,25.77,15.11,32.29
2361,47.92,21.36,51.01,-0.61,-19.73,19.83,16.13,30.53,12.75,41.68
2362,42.95,19.25,47.19,0.82,-18.45,37.95,14.9,24.75,11.73,46.86
2363,37.46,15.27,43.64,2.57,-17.44,52.18,12.8,9.29,11.87,48.09
2364,31.98,9.31,40.09,3.89,-16.57,60.83,10.35,-12.86,12.62,45.84
2365,27.05,1.71,36.42,4.24,-15.55,63.49,7.93,-37.68,13.18,40.79
2366,23.09,-6.8,32.67,3.48,-13.95,61.24,5.76,-60.94,12.77,33.83
2367,20.36,-15.33,29.06,1.82,-11.49,56.19,3.85,-78.67,10.99,25.96
2368,18.83,-23.11,25.86,-0.38,-8.15,50.42,2.07,-87.41,7.8,18.03
2369,18.27,-29.82,23.24,-2.74,-4.17,45.05,0.22,-84.37,3.61,10.69
2370,18.31,-35.59,21.21,-4.99,0.1,39.92,-1.84,-68.09,-1.12,4.19
2371,18.6,-40.95,19.5,-7.03,4.26,34.1,-4.06,-39.2,-6.0,-1.52
2372,18.86,-46.62,17.66,-8.83,8.04,26.93,-6.17,-1.01,-10.96,-6.64
2373,18.9,-53.36,15.14,-10.44,11.32,18.7,-7.71,40.65,-16.21,-11.42
2374,18.58,-61.83,11.54,-11.96,14.06,10.81,-8.18,78.59,-22.13,-15.85
2375,17.8,-72.33,6.72,-13.58,16.26,4.98,-7.15,106.03,-29.21,-19.84
2376,16.53,-84.48,0.92,-15.55,17.86,2.27,-4.49,118.42,-37.82,-23.19
2377,14.8,-96.89,-5.43,-18.1,18.82,2.37,-0.42,114.53,-48.11,-25.83
2378,12.69,-107.13,-11.79,-21.33,19.07,3.59,4.48,96.38,-59.62,-27.86
2379,10.29,-112.01,-17.79,-24.96,18.63,3.74,9.44,68.28,-71.15,-29.58
2380,7.58,-108.64,-23.37,-28.28,17.58,1.07,13.7,35.37,-80.65,-31.33
2381,4.43,-95.38,-28.77,-30.19,16.05,-4.93,16.72,2.54,-85.61,-33.38
2382,0.66,-72.71,-34.44,-29.54,14.18,-13.35,18.26,-26.17,-83.81,-35.88
2383,-3.83,-43.24,-40.96,-25.58,12.09,-22.32,18.43,-47.64,-74.09,-38.98
2384,-8.95,-11.04,-48.85,-18.39,9.89,-29.59,17.53,-59.59,-57.02,-43.0
2385,-14.45,19.61,-58.44,-8.98,7.7,-33.21,15.95,-60.79,-34.77,-48.49
2386,-19.97,45.36,-69.53,1.04,5.65,-32.06,14.01,-51.38,-10.58,-56.07
2387,-25.2,64.45,-81.14,9.94,3.89,-26.06,11.92,-33.23,12.34,-65.97
2388,-29.95,76.6,-91.47,16.5,2.56,-16.19,9.79,-9.68,31.56,-77.65
2389,-34.12,82.56,-98.18,20.27,1.7,-4.38,7.63,15.1,45.92,-89.46
2390,-37.69,83.38,-98.96,21.49,1.24,6.86,5.41,37.28,55.34,-98.87
2391,-40.77,80.15,-92.33,20.8,0.96,14.87,3.07,54.18,60.32,-103.14
2392,-43.65,73.8,-78.26,18.85,0.55,17.25,0.54,64.62,61.5,-100.19
2393,-46.81,65.27,-58.21,16.07,-0.29,12.47,-2.18,68.6,59.41,-89.43
2394,-50.74,55.59,-34.74,12.71,-1.67,0.34,-5.0,66.65,54.6,-71.99
2395,-55.63,45.85,-10.72,8.95,-3.52,-17.45,-7.66,59.19,47.76,-50.45
2396,-60.92,37.02,11.47,5.11,-5.51,-37.45,-9.7,46.41,39.82,-27.96
2397,-65.21,29.83,30.35,1.61,-7.21,-55.08,-10.62,28.43,31.76,-7.47
2398,-66.46,24.61,45.28,-1.09,-8.25,-66.02,-9.98,5.77,24.48,9.05
2399,-62.69,21.32,56.24,-2.66,-8.41,-67.59,-7.66,-20.11,18.52,20.7
2400,-52.73,19.66,63.46,-3.02,-7.7,-59.62,-3.94,-46.42,14.08,27.57
2401,-36.85,19.18,67.24,-2.42,-6.31,-44.38,0.54,-68.92,11.06,30.27
2402,-16.78,19.44,67.96,-1.32,-4.52,-25.57,4.98,-82.4,9.27,29.55
2403,4.73,20.06,66.24,-0.25,-2.57,-6.77,8.67,-81.84,8.52,25.99
2404,24.75,20.79,62.83,0.36,-0.61,9.76,11.23,-64.15,8.61,19.98
2405,40.96,21.46,58.62,0.31,1.28,23.45,12.58,-29.77,9.28,11.76
2406,52.14,21.96,54.34,-0.34,3.1,34.97,12.89,16.55,10.18,1.66
2407,58.18,22.1,50.46,-1.41,4.82,45.17,12.35,66.57,10.81,-9.8
2408,59.8,21.61,47.11,-2.72,6.45,54.35,11.12,110.73,10.67,-21.83
2409,58.05,20.12,44.13,-4.12,7.91,62.04,9.24,141.01,9.37,-33.47
2410,53.95,17.2,41.24,-5.64,9.05,67.34,6.77,153.22,6.73,-43.76
2411,48.34,12.52,38.2,-7.3,9.74,69.7,3.85,147.76,2.83,-52.04
2412,41.9,6.03,34.89,-9.1,9.83,69.26,0.74,128.7,-2.04,-57.98
2413,35.25,-1.95,31.37,-11.0,9.27,66.76,-2.25,101.75,-7.52,-61.69
2414,29.01,-10.77,27.87,-12.97,8.11,62.98,-4.9,72.4,-13.44,-63.63
2415,23.75,-19.62,24.68,-15.11,6.54,58.25,-7.14,44.7,-19.89,-64.56
2416,19.87,-27.81,22.06,-17.59,4.73,52.42,-9.08,21.26,-27.29,-65.44
2417,17.44,-34.98,20.08,-20.53,2.87,45.24,-10.88,3.67,-36.1,-67.25
2418,16.26,-41.18,18.6,-23.8,1.01,37.03,-12.57,-7.17,-46.31,-70.82
2419,15.87,-46.89,17.19,-26.83,-0.81,28.91,-13.9,-10.95,-57.16,-76.62
2420,15.81,-52.83,15.32,-28.68,-2.57,22.45,-14.43,-8.36,-66.93,-84.5
2421,15.69,-59.83,12.43,-28.32,-4.17,18.84,-13.68,-1.31,-73.34,-93.79
2422,15.35,-68.59,8.2,-25.05,-5.51,18.08,-11.45,7.36,-74.21,-103.48
2423,14.78,-79.32,2.65,-18.83,-6.51,18.78,-7.94,14.54,-68.22,-112.62
2424,14.04,-91.4,-3.84,-10.37,-7.16,18.76,-3.82,17.81,-55.38,-120.75
2425,13.2,-103.12,-10.69,-0.89,-7.52,16.07,0.11,16.04,-37.13,-128.03
2426,12.24,-111.78,-17.36,8.26,-7.64,9.97,3.08,9.64,-15.86,-135.09
2427,11.02,-114.25,-23.51,16.02,-7.5,1.24,4.76,0.05,5.8,-142.6
2428,9.28,-107.91,-29.13,21.79,-7.05,-8.26,5.21,-10.97,25.56,-150.65
2429,6.71,-91.62,-34.49,25.4,-6.31,-16.37,4.78,-21.98,41.89,-158.44
2430,3.12,-66.37,-40.05,26.89,-5.49,-21.49,3.83,-32.04,54.03,-164.27
2431,-1.51,-35.03,-46.33,26.37,-4.98,-23.02,2.6,-40.57,61.85,-166.16
2432,-6.86,-1.57,-53.79,23.98,-5.22,-21.36,1.17,-46.96,65.53,-162.47
2433,-12.46,30.03,-62.63,19.96,-6.42,-17.55,-0.46,-50.4,65.43,-152.54
2434,-17.73,56.84,-72.5,14.84,-8.33,-12.83,-2.26,-50.13,62.02,-136.86
2435,-22.29,77.27,-82.36,9.4,-10.32,-8.38,-4.17,-45.89,55.86,-116.7
2436,-26.01,90.98,-90.39,4.56,-11.6,-5.23,-6.12,-38.34,47.73,-93.49
2437,-29.05,98.27,-94.36,1.1,-11.64,-4.41,-8.1,-28.99,38.56,-68.25
2438,-31.72,99.77,-92.29,-0.55,-10.44,-6.91,-10.13,-19.9,29.37,-41.18
2439,-34.39,96.19,-83.12,-0.49,-8.59,-13.49,-12.15,-12.79,21.08,-11.91
2440,-37.4,88.44,-67.22,0.81,-6.93,-24.09,-13.89,-8.44,14.32,19.96
2441,-41.07,77.75,-46.39,2.65,-6.13,-37.34,-14.91,-6.55,9.31,54.02
2442,-45.64,65.64,-23.25,4.39,-6.34,-50.59,-14.68,-6.03,5.9,88.5
2443,-51.08,53.71,-0.49,5.57,-7.16,-60.56,-12.85,-5.72,3.68,120.27
2444,-56.93,43.27,19.82,6.0,-7.91,-64.61,-9.42,-5.03,2.18,145.62
2445,-62.11,35.14,36.57,5.7,-8.08,-61.86,-4.85,-4.12,0.99,161.61
2446,-64.95,29.48,49.46,4.83,-7.53,-53.56,0.14,-3.66,-0.17,167.14
2447,-63.7,25.94,58.68,3.57,-6.54,-42.49,4.71,-4.28,-1.57,163.47
2448,-57.07,23.89,64.57,2.14,-5.5,-31.59,8.26,-6.0,-3.39,153.67
2449,-44.84,22.68,67.41,0.65,-4.62,-22.74,10.42,-8.03,-5.86,141.27
2450,-28.07,21.83,67.49,-0.85,-3.75,-16.18,11.17,-8.95,-9.11,128.98
2451,-8.92,21.17,65.24,-2.44,-2.44,-10.88,10.71,-7.18,-13.15,117.95
2452,10.11,20.76,61.29,-4.28,-0.43,-5.38,9.34,-1.54,-17.92,108.18
2453,26.73,20.83,56.43,-6.56,2.2,1.37,7.41,8.32,-23.41,99.35
2454,39.52,21.39,51.44,-9.45,4.85,9.72,5.23,21.73,-29.77,91.62
2455,47.99,22.15,46.93,-13.0,6.67,19.49,3.0,37.01,-37.46,85.7
2456,52.35,22.34,43.14,-17.1,6.96,30.36,0.83,51.85,-46.98,82.29
2457,53.19,20.96,39.97,-21.36,5.68,42.12,-1.32,63.71,-58.47,81.26
2458,51.19,17.07,37.07,-25.14,3.47,54.36,-3.6,70.42,-71.22,81.38
2459,46.95,10.28,34.04,-27.62,1.53,66.01,-6.15,70.67,-83.39,80.64
2460,41.11,0.92,30.68,-27.94,1.06,75.2,-8.97,64.34,-92.34,77.3
2461,34.39,-9.91,27.1,-25.56,2.71,79.64,-11.83,52.43,-95.31,70.67
2462,27.61,-20.83,23.64,-20.44,6.32,77.48,-14.2,36.83,-90.39,61.34
2463,21.62,-30.65,20.73,-13.17,10.9,68.29,-15.39,19.79,-77.22,50.8
2464,17.04,-38.79,18.59,-4.8,15.03,53.55,-14.77,3.44,-57.21,40.49
2465,14.11,-45.47,17.12,3.46,17.25,36.36,-12.09,-10.47,-33.11,31.19
2466,12.64,-51.59,15.88,10.59,16.55,20.49,-7.59,-20.79,-8.11,22.56
2467,12.1,-58.34,14.28,15.99,12.53,9.1,-1.97,-27.01,14.97,13.44
2468,11.9,-66.75,11.79,19.47,5.63,3.58,3.81,-29.25,34.21,2.39
2469,11.58,-77.44,8.12,21.13,-2.96,3.13,8.85,-28.33,48.74,-11.55
2470,11.04,-90.22,3.36,21.09,-11.45,5.07,12.53,-25.72,58.55,-28.34
2471,10.43,-103.88,-2.16,19.45,-17.86,5.85,14.63,-23.22,64.04,-46.7
2472,9.99,-116.2,-7.93,16.32,-20.68,2.44,15.22,-22.6,65.81,-64.2
2473,9.84,-124.15,-13.57,11.97,-19.42,-6.51,14.56,-25.18,64.49,-77.78
2474,9.84,-124.57,-18.87,6.92,-14.9,-20.07,12.96,-31.6,60.72,-84.28
2475,9.62,-114.92,-23.88,1.91,-8.95,-35.41,10.72,-41.79,55.18,-81.35
2476,8.69,-94.33,-28.88,-2.24,-3.63,-48.81,8.14,-55.14,48.64,-68.15
2477,6.72,-64.14,-34.24,-4.92,-0.17,-57.21,5.5,-70.6,41.87,-45.83
2478,3.58,-27.86,-40.33,-5.93,1.5,-59.22,3.03,-86.64,35.6,-17.4
2479,-0.56,9.59,-47.45,-5.5,2.68,-55.6,0.82,-101.06,30.32,13.07
2480,-5.27,43.26,-55.74,-4.22,5.08,-48.67,-1.17,-110.99,26.17,41.53
2481,-10.05,69.41,-65.06,-2.79,9.66,-41.24,-3.13,-113.26,22.97,65.09
2482,-14.46,86.38,-74.84,-1.74,16.07,-35.5,-5.2,-105.28,20.31,82.54
2483,-18.25,94.54,-83.9,-1.28,22.6,-32.56,-7.38,-85.95,17.76,94.23
2484,-21.44,95.55,-90.47,-1.32,27.05,-32.58,-9.39,-56.44,15.05,101.35
2485,-24.25,91.52,-92.52,-1.57,27.7,-35.09,-10.68,-20.17,12.09,105.07
2486,-27.07,84.14,-88.4,-1.73,24.08,-39.39,-10.67,17.8,9.06,106.1
2487,-30.33,74.59,-77.43,-1.7,17.11,-44.44,-8.92,52.01,6.14,104.68
2488,-34.38,63.72,-60.34,-1.56,8.62,-48.82,-5.38,77.91,3.41,100.92
2489,-39.47,52.45,-39.13,-1.58,0.65,-50.72,-0.53,92.77,0.77,95.2
2490,-45.51,41.9,-16.51,-2.03,-5.26,-48.38,4.82,96.01,-2.07,88.2
2491,-51.89,33.17,4.94,-3.18,-8.44,-40.72,9.7,88.86,-5.53,80.77
2492,-57.48,26.91,23.4,-5.18,-9.05,-27.96,13.34,73.73,-10.06,73.64
2493,-60.63,22.98,38.08,-8.1,-7.8,-11.69,15.36,53.52,-16.12,67.25
2494,-59.61,20.61,49.01,-11.83,-5.63,5.57,15.8,31.07,-24.15,61.77
2495,-53.18,18.85,56.58,-16.06,-3.43,21.2,14.98,9.02,-34.42,57.29
2496,-41.1,17.14,61.19,-20.11,-1.92,33.34,13.37,-10.25,-46.84,53.84
2497,-24.43,15.56,63.08,-22.99,-1.63,41.26,11.35,-24.55,-60.61,51.3
2498,-5.35,14.74,62.5,-23.6,-2.88,45.29,9.17,-32.14,-73.98,49.33
2499,13.48,15.25,59.88,-21.09,-5.73,46.27,6.95,-32.08,-84.47,47.44
2500,29.68,17.17,55.93,-15.28,-9.91,45.15,4.78,-24.71,-89.39,45.04
2501,41.68,19.7,51.48,-6.77,-14.75,42.74,2.73,-11.8,-86.64,41.74
2502,48.99,21.47,47.24,3.12,-19.37,39.74,0.79,3.63,-75.46,37.48
2503,51.99,20.98,43.5,12.75,-22.82,36.7,-1.04,18.08,-56.8,32.47
2504,51.53,17.3,40.17,20.7,-24.48,33.9,-2.84,28.51,-33.09,27.06
2505,48.54,10.44,36.83,26.11,-24.21,31.09,-4.66,33.11,-7.55,21.45
2506,43.81,1.37,33.1,28.8,-22.45,27.36,-6.41,31.66,16.74,15.55
2507,38.04,-8.44,28.9,29.09,-19.97,21.66,-7.8,25.24,37.49,8.94
2508,31.84,-17.54,24.56,27.53,-17.61,13.56,-8.41,15.56,53.56,1.12
2509,25.88,-25.07,20.63,24.63,-15.92,3.89,-7.76,4.27,64.76,-8.47
2510,20.81,-31.08,17.62,20.78,-14.94,-5.02,-5.59,-7.49,71.51,-20.09
2511,17.07,-36.38,15.73,16.32,-14.27,-10.1,-1.98,-19.06,74.42,-33.53
2512,14.82,-42.33,14.66,11.66,-13.25,-8.85,2.59,-30.01,74.07,-47.96
2513,13.81,-50.27,13.8,7.32,-11.35,-0.66,7.35,-39.76,71.0,-61.77
2514,13.58,-61.07,12.4,3.81,-8.36,12.49,11.46,-47.49,65.83,-72.53
2515,13.61,-74.6,9.88,1.48,-4.55,26.44,14.3,-52.28,59.29,-77.35
2516,13.59,-89.4,6.07,0.36,-0.5,36.27,15.56,-53.44,52.25,-73.55
2517,13.45,-102.74,1.2,0.14,3.12,38.2,15.34,-50.9,45.48,-59.72
2518,13.39,-111.11,-4.23,0.25,5.81,31.13,14.01,-45.27,39.6,-36.58
2519,13.61,-111.13,-9.64,0.11,7.35,17.15,12.05,-37.74,34.9,-7.09
2520,14.12,-100.71,-14.65,-0.66,7.79,0.77,9.88,-29.75,31.37,24.31
2521,14.64,-79.93,-19.13,-2.13,7.32,-12.88,7.76,-22.62,28.75,53.1
2522,14.6,-51.12,-23.26,-4.01,6.05,-20.03,5.78,-17.32,26.68,76.22
2523,13.4,-18.33,-27.41,-5.83,3.97,-19.7,3.9,-14.35,24.77,92.69
2524,10.58,13.91,-32.01,-7.13,0.99,-13.88,2.05,-13.76,22.69,103.42
2525,6.07,41.79,-37.51,-7.73,-2.81,-6.46,0.12,-15.06,20.18,110.15
2526,0.19,63.04,-44.24,-7.7,-7.08,-1.58,-1.92,-17.2,17.14,114.37
2527,-6.4,77.0,-52.32,-7.42,-11.14,-2.02,-4.1,-18.64,13.58,116.73
2528,-12.94,84.26,-61.5,-7.44,-14.24,-8.57,-6.31,-17.64,9.63,117.19
2529,-18.86,85.89,-71.01,-8.27,-15.83,-20.1,-8.33,-12.79,5.43,115.53
2530,-23.94,83.01,-79.4,-10.28,-15.87,-34.17,-9.77,-3.56,0.99,111.97
2531,-28.46,76.6,-84.71,-13.59,-14.91,-47.65,-10.17,9.48,-3.81,107.17
2532,-32.97,67.5,-84.98,-17.99,-13.86,-57.39,-9.18,24.53,-9.28,101.94
2533,-38.17,56.59,-78.8,-22.86,-13.56,-60.74,-6.68,39.08,-15.76,96.85
2534,-44.53,44.84,-66.0,-27.24,-14.34,-56.31,-2.91,50.48,-23.61,91.98
2535,-52.06,33.18,-47.83,-29.92,-15.88,-44.52,1.58,56.57,-33.06,87.13
2536,-60.18,22.45,-26.66,-29.76,-17.36,-27.56,6.05,56.2,-44.09,82.13
2537,-67.69,13.32,-5.27,-26.07,-17.81,-8.63,9.81,49.4,-56.16,77.08
2538,-72.93,6.22,14.03,-18.91,-16.5,9.24,12.37,37.21,-68.02,72.33
2539,-74.17,1.43,29.89,-9.16,-13.07,24.24,13.55,21.32,-77.68,68.25
2540,-70.03,-0.98,41.99,1.69,-7.5,36.17,13.42,3.63,-82.7,65.02
2541,-59.93,-1.22,50.63,12.0,-0.01,45.87,12.25,-14.11,-80.88,62.37
2542,-44.41,0.2,56.29,20.48,8.95,54.27,10.35,-30.48,-71.05,59.75
2543,-25.1,2.49,59.26,26.48,18.6,61.41,8.01,-44.2,-53.6,56.5
2544,-4.38,4.62,59.67,29.9,27.72,66.37,5.51,-54.03,-30.61,52.17
2545,15.23,5.65,57.74,31.0,34.86,67.7,3.1,-58.59,-5.23,46.7
2546,31.59,4.85,53.98,30.06,38.67,64.4,0.95,-56.63,19.19,40.4
2547,43.4,1.95,49.2,27.3,38.47,56.6,-0.86,-47.52,40.03,33.73
2548,50.28,-2.84,44.27,22.95,34.59,45.67,-2.39,-31.79,55.87,27.01
2549,52.55,-9.04,39.82,17.45,28.33,33.57,-3.83,-11.51,66.5,20.22
2550,51.0,-16.04,35.99,11.55,21.45,21.93,-5.36,10.03,72.47,12.88
2551,46.59,-23.41,32.5,6.19,15.47,11.51,-7.09,28.94,74.58,4.28
2552,40.34,-31.07,28.94,2.23,11.07,2.18,-8.86,41.86,73.55,-6.26
2553,33.23,-39.37,25.06,0.17,7.95,-6.55,-10.28,46.54,69.92,-18.84
2554,26.15,-49.01,20.96,-0.02,5.19,-14.68,-10.81,42.35,64.26,-32.78
2555,19.83,-60.73,17.04,1.18,1.85,-21.32,-10.04,30.14,57.22,-46.36
2556,14.69,-74.8,13.78,3.05,-2.47,-24.93,-7.83,12.02,49.63,-57.2
2557,10.86,-90.43,11.45,4.87,-7.34,-24.12,-4.49,-8.78,42.38,-62.82
2558,8.14,-105.46,9.98,6.08,-11.82,-18.6,-0.61,-28.16,36.18,-61.37
2559,6.22,-116.53,8.91,6.36,-14.94,-9.66,3.08,-41.56,31.4,-52.32
2560,4.76,-119.87,7.64,5.57,-16.34,0.14,5.97,-44.71,28.02,-36.61
2561,3.58,-112.6,5.58,3.83,-16.5,7.86,7.7,-34.9,25.72,-16.41
2562,2.66,-93.8,2.41,1.39,-16.51,11.38,8.26,-12.08,24.09,5.63
2563,2.06,-65.14,-1.8,-1.4,-17.57,10.09,7.8,20.59,22.7,27.09
2564,1.83,-30.48,-6.68,-4.19,-20.35,4.96,6.64,57.26,21.29,46.34
2565,1.92,5.23,-11.71,-6.81,-24.73,-1.99,5.02,90.85,19.68,62.56
2566,2.14,37.39,-16.43,-9.26,-29.83,-8.49,3.18,115.14,17.68,75.53
2567,2.12,62.8,-20.67,-11.69,-34.46,-12.73,1.24,126.43,15.1,85.26
2568,1.47,80.21,-24.57,-14.26,-37.58,-13.82,-0.69,124.3,11.71,91.73
2569,-0.11,89.95,-28.59,-17.09,-38.57,-11.88,-2.6,111.21,7.39,95.03
2570,-2.75,93.31,-33.34,-20.13,-37.21,-7.92,-4.48,91.21,2.16,95.49
2571,-6.28,91.82,-39.38,-23.11,-33.5,-3.56,-6.41,68.61,-3.81,93.87
2572,-10.33,86.81,-47.03,-25.59,-27.5,-0.69,-8.53,46.98,-10.34,91.27
2573,-14.46,79.32,-56.2,-26.91,-19.22,-1.14,-10.92,28.8,-17.36,88.78
2574,-18.32,70.14,-66.13,-26.41,-8.87,-6.15,-13.52,15.48,-25.1,87.14
2575,-21.89,60.03,-75.43,-23.53,3.01,-16.01,-16.05,7.53,-33.96,86.49
2576,-25.48,49.69,-82.22,-18.09,15.52,-29.44,-17.97,4.61,-44.24,86.42
2577,-29.66,39.8,-84.55,-10.53,27.43,-43.69,-18.65,5.47,-55.72,86.23
2578,-35.12,30.96,-80.94,-1.82,37.46,-55.2,-17.61,8.16,-67.25,85.41
2579,-42.22,23.61,-70.94,6.71,44.47,-60.75,-14.79,10.36,-76.88,83.98
2580,-50.7,18.04,-55.32,13.8,47.69,-58.8,-10.6,9.99,-82.16,82.69
2581,-59.47,14.31,-35.87,18.61,46.7,-49.99,-5.91,5.89,-80.98,82.94
2582,-66.64,12.27,-14.97,20.89,41.59,-36.83,-1.68,-1.95,-72.27,86.54
2583,-69.99,11.45,5.15,20.89,32.88,-22.32,1.34,-12.47,-56.48,95.15
2584,-67.58,11.23,22.8,19.07,21.61,-8.73,2.86,-24.13,-35.51,109.61
2585,-58.49,10.88,37.06,15.92,9.23,3.22,3.02,-35.29,-12.12,129.35
2586,-43.23,9.78,47.66,11.77,-2.6,14.05,2.25,-44.73,10.78,151.91
2587,-23.66,7.47,54.68,6.96,-12.36,24.55,0.99,-51.61,30.87,173.42
2588,-2.52,3.77,58.39,1.93,-19.06,34.75,-0.49,-55.39,46.75,189.55
2589,17.41,-1.26,59.16,-2.71,-22.36,43.54,-2.11,-55.77,57.97,196.99
2590,33.95,-7.44,57.48,-6.3,-22.61,49.16,-3.85,-52.69,64.74,194.67
2591,45.92,-14.55,54.03,-8.32,-20.57,50.16,-5.69,-46.48,67.61,184.05
2592,53.1,-22.45,49.6,-8.65,-17.18,46.33,-7.55,-38.12,67.23,168.32
2593,55.89,-31.14,44.98,-7.57,-13.28,38.89,-9.39,-29.05,64.23,150.95
2594,55.02,-40.9,40.67,-5.64,-9.58,30.02,-11.25,-20.97,59.25,134.26
2595,51.23,-52.24,36.79,-3.48,-6.65,21.82,-13.25,-15.28,52.93,118.69
2596,45.29,-65.68,33.15,-1.56,-4.85,15.54,-15.47,-12.66,45.98,103.17
2597,37.96,-81.25,29.34,-0.12,-4.36,11.25,-17.73,-12.85,39.05,85.92
2598,30.1,-97.87,25.09,0.73,-5.08,8.21,-19.53,-14.73,32.75,65.31
2599,22.45,-112.94,20.41,0.92,-6.61,5.52,-20.14,-16.79,27.47,40.07
2600,15.63,-122.7,15.67,0.33,-8.3,2.76,-18.92,-17.6,23.35,9.32
2601,9.99,-123.25,11.41,-1.14,-9.4,0.26,-15.61,-16.23,20.35,-27.25
2602,5.62,-111.92,8.07,-3.49,-9.12,-1.13,-10.58,-12.36,18.26,-68.78
2603,2.42,-88.54,5.72,-6.48,-6.86,-0.67,-4.67,-6.14,16.78,-112.64
2604,0.28,-55.78,4.03,-9.68,-2.33,1.79,1.04,2.07,15.54,-154.32
2605,-0.88,-18.39,2.38,-12.56,4.39,5.5,5.67,11.84,14.16,-188.41
2606,-1.1,18.23,0.14,-14.74,12.82,9.01,8.78,22.86,12.24,-210.32
2607,-0.53,49.65,-3.01,-16.08,22.18,10.69,10.36,34.72,9.48,-218.04
2608,0.5,73.32,-7.01,-16.7,31.56,9.25,10.73,46.78,5.7,-212.73
2609,1.41,88.72,-11.48,-16.98,40.16,4.33,10.25,58.12,0.93,-198.08
2610,1.53,96.75,-15.97,-17.34,47.42,-3.36,9.16,67.54,-4.6,-178.61
2611,0.3,98.91,-20.15,-18.11,53.12,-12.12,7.6,73.72,-10.59,-158.07
2612,-2.45,96.69,-24.03,-19.34,57.23,-19.73,5.63,75.62,-16.82,-138.57
2613,-6.44,91.26,-27.94,-20.75,59.67,-24.27,3.35,72.71,-23.33,-120.93
2614,-11.04,83.58,-32.39,-21.75,60.14,-24.83,0.93,65.21,-30.47,-105.41
2615,-15.51,74.46,-37.93,-21.52,57.94,-21.99,-1.5,54.09,-38.77,-92.37
2616,-19.35,64.67,-44.94,-19.34,52.16,-17.69,-3.93,40.71,-48.72,-82.3
2617,-22.51,54.92,-53.43,-14.83,42.04,-14.63,-6.42,26.54,-60.33,-75.33
2618,-25.37,45.78,-62.92,-8.13,27.47,-15.32,-9.0,12.8,-72.79,-70.85
2619,-28.68,37.67,-72.27,0.06,9.49,-21.34,-11.49,0.37,-84.45,-67.52
2620,-33.24,30.84,-79.81,8.69,-9.68,-32.82,-13.4,-10.07,-92.98,-63.89
2621,-39.53,25.46,-83.61,16.69,-27.06,-48.32,-14.07,-17.82,-96.01,-59.11
2622,-47.45,21.5,-81.99,23.2,-39.88,-65.07,-12.91,-22.13,-91.78,-53.26
2623,-56.06,18.81,-74.07,27.73,-46.52,-79.58,-9.72,-22.54,-79.8,-47.22
2624,-63.57,17.08,-60.12,30.1,-47.14,-88.49,-4.85,-19.11,-61.1,-42.11
2625,-67.78,15.84,-41.57,30.34,-43.51,-89.48,0.85,-12.95,-37.93,-38.58
2626,-66.55,14.63,-20.62,28.56,-38.21,-82.02,6.36,-5.99,-13.24,-36.45
2627,-58.65,12.99,0.35,25.01,-33.54,-67.47,10.81,-0.55,10.18,-34.82
2628,-44.17,10.62,19.33,20.07,-30.81,-48.5,13.72,1.41,30.22,-32.59
2629,-24.69,7.38,35.02,14.32,-30.21,-28.1,15.05,-1.09,45.81,-29.16
2630,-2.88,3.26,46.85,8.52,-31.24,-8.58,15.02,-7.98,56.78,-24.81
2631,18.29,-1.69,54.8,3.37,-33.31,8.96,13.97,-18.26,63.5,-20.7
2632,36.25,-7.42,59.22,-0.53,-36.11,24.48,12.16,-30.51,66.53,-18.46
2633,49.38,-14.0,60.6,-2.89,-39.55,38.35,9.86,-42.95,66.45,-19.48
2634,57.14,-21.66,59.59,-3.73,-43.41,50.65,7.28,-53.56,63.8,-24.39
2635,59.92,-30.88,56.84,-3.26,-47.03,60.8,4.68,-60.13,59.2,-32.81
2636,58.64,-42.24,53.04,-1.9,-49.33,67.76,2.24,-60.56,53.35,-43.41
2637,54.42,-56.05,48.74,-0.09,-49.12,70.46,0.07,-53.6,46.98,-54.25
2638,48.34,-71.88,44.32,1.75,-45.63,68.54,-1.89,-39.47,40.67,-63.17
2639,41.33,-88.01,39.92,3.32,-38.83,62.69,-3.86,-20.26,34.82,-68.16
2640,34.07,-101.5,35.51,4.5,-29.47,54.52,-6.0,0.58,29.58,-67.77
2641,27.05,-108.67,31.03,5.25,-18.86,46.01,-8.31,19.12,25.04,-61.44
2642,20.58,-106.26,26.47,5.63,-8.42,38.75,-10.47,32.29,21.34,-49.64
2643,14.89,-92.67,21.99,5.64,0.62,33.34,-11.9,38.58,18.71,-33.87
2644,10.18,-68.7,17.8,5.23,7.49,29.35,-12.0,38.28,17.34,-16.21
2645,6.66,-37.45,14.15,4.34,11.93,25.71,-10.36,32.9,17.19,1.25
2646,4.44,-3.38,11.09,2.96,14.12,21.42,-6.98,24.4,17.79,16.94
2647,3.46,28.98,8.5,1.19,14.55,16.21,-2.3,14.44,18.34,30.09
2648,3.44,56.25,6.06,-0.7,13.84,10.61,2.91,4.27,17.92,40.63
2649,3.88,76.59,3.4,-2.43,12.58,5.71,7.82,-5.27,15.84,48.79
2650,4.2,89.68,0.23,-3.82,11.22,2.48,11.76,-13.49,11.81,54.7
2651,3.9,96.14,-3.59,-4.79,10.0,1.39,14.32,-19.71,6.04,58.22
2652,2.65,97.02,-7.95,-5.45,8.99,2.18,15.45,-23.44,-0.85,59.11
2653,0.43,93.51,-12.59,-5.99,8.09,4.14,15.33,-24.64,-8.16,57.3
2654,-2.59,86.86,-17.24,-6.66,7.19,6.41,14.3,-23.92,-15.25,53.19
2655,-6.19,78.34,-21.74,-7.67,6.18,8.27,12.71,-22.54,-21.82,47.66
2656,-10.17,69.22,-26.17,-9.21,4.97,9.26,10.88,-22.03,-27.94,41.78
2657,-14.48,60.49,-30.92,-11.29,3.56,9.17,9.05,-23.78,-34.13,36.48
2658,-19.2,52.75,-36.6,-13.63,2.0,8.03,7.35,-28.46,-41.14,32.25
2659,-24.55,46.14,-43.79,-15.66,0.43,6.08,5.85,-35.9,-49.63,29.08
2660,-30.84,40.49,-52.7,-16.56,-0.94,3.7,4.53,-45.16,-59.74,26.67
2661,-38.41,35.57,-62.76,-15.53,-1.88,1.26,3.27,-54.93,-70.66,24.69
2662,-47.44,31.3,-72.47,-12.08,-2.28,-1.06,1.86,-64.03,-80.52,23.0
2663,-57.62,27.95,-79.69,-6.3,-2.24,-3.5,0.12,-71.68,-86.67,21.56
2664,-67.91,25.91,-82.16,1.1,-2.1,-6.75,-1.99,-77.68,-86.62,20.34
2665,-76.42,25.51,-78.24,9.02,-2.27,-11.93,-4.26,-82.15,-78.86,19.12
2666,-80.77,26.61,-67.57,16.25,-3.04,-20.23,-6.19,-85.38,-63.59,17.47
2667,-78.74,28.43,-51.18,21.86,-4.36,-32.26,-7.14,-87.63,-42.64,14.92
2668,-69.13,29.65,-31.17,25.32,-5.7,-47.34,-6.57,-89.05,-18.93,11.18
2669,-52.36,28.77,-10.08,26.56,-6.19,-63.2,-4.26,-89.65,4.51,6.33
2670,-30.48,24.77,9.77,25.82,-4.85,-76.32,-0.48,-89.18,25.35,0.75
2671,-6.67,17.43,26.83,23.5,-1.0,-82.95,4.14,-87.14,42.26,-5.06
2672,15.78,7.55,40.31,20.07,5.47,-80.56,8.73,-82.68,54.83,-10.81
2673,34.31,-3.48,50.03,15.93,13.91,-68.86,12.53,-74.81,63.13,-16.62
2674,47.56,-14.18,56.19,11.52,23.1,-49.87,15.01,-62.68,67.38,-23.01
2675,55.39,-23.63,59.17,7.29,31.59,-27.15,15.94,-46.05,67.9,-30.69
2676,58.51,-31.75,59.48,3.74,38.13,-4.27,15.46,-25.59,65.18,-40.05
2677,57.97,-39.3,57.72,1.28,42.07,16.28,13.87,-2.93,60.03,-50.71
2678,54.85,-47.56,54.56,0.21,43.45,33.6,11.59,19.84,53.47,-61.27
2679,50.07,-57.84,50.6,0.54,42.93,47.91,9.01,40.63,46.56,-69.63
2680,44.36,-70.93,46.29,1.98,41.49,59.66,6.41,57.9,40.02,-73.51
2681,38.34,-86.61,41.85,4.06,40.01,68.72,3.96,71.01,34.25,-71.3
2682,32.46,-103.25,37.3,6.23,39.01,74.26,1.77,80.04,29.3,-62.72
2683,27.02,-117.84,32.62,8.11,38.43,75.28,-0.17,85.54,25.13,-48.89
2684,22.21,-126.47,27.81,9.54,37.63,71.42,-1.87,88.12,21.77,-32.02
2685,18.1,-125.33,23.06,10.58,35.61,63.6,-3.45,88.33,19.39,-14.69
2686,14.66,-111.97,18.66,11.33,31.32,53.9,-5.06,86.54,18.13,0.94
2687,11.92,-86.48,14.91,11.82,24.08,44.71,-6.85,83.21,18.05,13.5
2688,9.89,-51.74,11.95,11.92,13.96,37.71,-8.79,78.84,18.89,22.54
2689,8.5,-12.72,9.66,11.36,1.95,33.05,-10.57,74.04,20.13,28.24
2690,7.62,25.01,7.65,9.97,-10.22,29.47,-11.68,69.4,21.05,31.08
2691,6.89,56.89,5.44,7.77,-20.6,25.06,-11.55,65.31,20.87,31.61
2692,5.9,80.45,2.63,4.97,-27.66,18.4,-9.82,61.77,19.01,30.43
2693,4.23,95.46,-0.95,1.99,-30.79,9.41,-6.55,58.4,15.17,28.12
2694,1.63,103.15,-5.15,-0.77,-30.44,-0.61,-2.25,54.6,9.48,25.25
2695,-1.89,105.25,-9.66,-3.01,-27.92,-9.56,2.31,49.78,2.47,22.29
2696,-6.11,103.21,-14.14,-4.63,-24.78,-15.57,6.34,43.65,-5.11,19.48
2697,-10.8,97.97,-18.44,-5.72,-22.34,-17.66,9.29,36.37,-12.49,16.85
2698,-15.83,90.24,-22.65,-6.53,-21.29,-16.0,10.93,28.45,-19.21,14.26
2699,-21.27,80.86,-27.15,-7.32,-21.67,-11.64,11.32,20.54,-25.28,11.66
2700,-27.3,71.0,-32.46,-8.36,-22.97,-6.13,10.66,13.08,-31.23,9.09
2701,-34.19,61.99,-39.07,-9.79,-24.41,-1.13,9.24,6.02,-37.9,6.83
2702,-42.17,54.87,-47.2,-11.58,-25.16,1.99,7.36,-1.03,-46.12,5.2
2703,-51.3,50.08,-56.52,-13.47,-24.53,2.39,5.28,-8.61,-56.2,4.36
2704,-61.27,47.3,-65.99,-14.96,-22.12,0.05,3.23,-16.96,-67.55,4.18
2705,-71.11,45.69,-73.88,-15.37,-17.9,-4.18,1.35,-25.83,-78.55,4.21
2706,-79.09,44.35,-78.13,-14.07,-12.19,-8.79,-0.33,-34.38,-86.81,3.91
2707,-82.93,42.73,-76.91,-10.73,-5.57,-12.11,-1.87,-41.55,-89.79,2.84
2708,-80.4,40.86,-69.25,-5.47,1.25,-12.89,-3.41,-46.33,-85.58,0.85
2709,-70.16,39.24,-55.44,1.06,7.56,-10.86,-5.11,-48.25,-73.6,-1.86
2710,-52.42,38.43,-37.03,7.87,12.82,-6.86,-7.06,-47.4,-54.86,-4.97
2711,-29.2,38.6,-16.33,13.94,16.7,-2.62,-9.23,-44.5,-31.75,-8.21
2712,-3.8,39.27,4.2,18.48,19.07,-0.34,-11.39,-40.51,-7.37,-11.53
2713,20.21,39.24,22.61,21.16,20.06,-2.01,-13.13,-36.36,15.33,-15.13
2714,39.98,37.11,37.69,22.03,20.02,-8.61,-13.9,-32.5,34.15,-19.35
2715,54.06,31.83,48.98,21.43,19.35,-19.64,-13.25,-28.77,47.98,-24.6
2716,62.39,23.16,56.54,19.69,18.46,-32.98,-10.98,-24.39,56.7,-31.17
2717,65.88,11.86,60.68,17.09,17.53,-45.54,-7.3,-18.16,60.82,-39.09
2718,65.75,-0.56,61.84,13.85,16.51,-54.31,-2.85,-9.08,61.19,-47.89
2719,63.12,-12.44,60.53,10.16,15.13,-57.52,1.47,3.13,58.74,-56.5
2720,58.89,-22.58,57.37,6.29,13.03,-55.19,4.83,17.5,54.32,-63.3
2721,53.72,-30.67,52.97,2.59,10.0,-48.86,6.69,31.87,48.72,-66.46
2722,48.18,-37.25,47.91,-0.59,6.04,-40.52,6.95,43.33,42.57,-64.5
2723,42.75,-43.52,42.63,-3.01,1.52,-31.55,5.94,49.23,36.42,-56.91
2724,37.79,-50.85,37.33,-4.57,-3.01,-22.11,4.19,48.09,30.6,-44.38
2725,33.43,-60.34,32.1,-5.35,-6.98,-11.39,2.25,40.15,25.35,-28.67
2726,29.61,-72.53,26.97,-5.43,-9.93,1.37,0.45,27.25,20.77,-12.09
2727,26.19,-87.0,22.0,-4.9,-11.7,15.89,-1.08,12.1,16.91,3.24
2728,23.09,-102.24,17.33,-3.78,-12.34,30.43,-2.45,-2.64,13.88,15.95
2729,20.38,-115.63,13.12,-2.13,-12.13,42.33,-3.84,-15.08,11.78,25.55
2730,18.3,-123.77,9.48,-0.06,-11.36,49.21,-5.44,-24.45,10.66,32.26
2731,17.02,-123.42,6.38,2.15,-10.18,50.18,-7.38,-30.74,10.43,36.59
2732,16.46,-112.51,3.62,4.1,-8.56,46.32,-9.67,-34.3,10.79,39.0
2733,16.21,-91.0,0.89,5.36,-6.27,40.01,-12.2,-35.49,11.18,39.74
2734,15.52,-61.19,-2.1,5.67,-3.03,33.59,-14.69,-34.61,10.85,38.96
2735,13.62,-27.13,-5.53,4.97,1.35,28.11,-16.72,-32.07,9.12,36.8
2736,10.01,6.54,-9.39,3.49,6.89,22.97,-17.75,-28.67,5.58,33.57
2737,4.68,35.91,-13.54,1.63,13.29,16.71,-17.32,-25.52,0.28,29.73
2738,-1.86,58.65,-17.78,-0.25,20.04,8.26,-15.19,-23.87,-6.3,25.78
2739,-8.85,74.21,-22.01,-1.91,26.41,-1.99,-11.43,-24.75,-13.39,22.17
2740,-15.57,83.19,-26.33,-3.32,31.68,-12.09,-6.55,-28.58,-20.23,19.17
2741,-21.63,86.68,-31.09,-4.6,35.25,-19.52,-1.3,-35.13,-26.41,16.84
2742,-27.14,85.7,-36.8,-5.91,36.86,-22.49,3.5,-43.62,-32.01,15.08
2743,-32.67,81.0,-43.97,-7.41,36.69,-20.92,7.25,-52.96,-37.63,13.74
2744,-39.06,73.36,-52.76,-9.16,35.32,-16.39,9.63,-61.96,-44.15,12.59
2745,-47.14,63.78,-62.75,-11.21,33.56,-11.26,10.68,-69.33,-52.38,11.47
2746,-57.31,53.62,-72.69,-13.51,32.17,-7.54,10.6,-73.61,-62.52,10.24
2747,-69.07,44.32,-80.67,-15.87,31.61,-6.11,9.64,-73.32,-73.85,8.74
2748,-80.8,37.05,-84.48,-17.91,31.93,-6.66,7.99,-67.16,-84.61,6.85
2749,-89.84,32.36,-82.32,-19.05,32.8,-8.11,5.83,-54.66,-92.25,4.48
2750,-93.15,30.03,-73.37,-18.6,33.71,-9.17,3.32,-36.55,-94.22,1.62
2751,-88.31,29.31,-58.16,-16.01,34.16,-8.9,0.69,-14.92,-88.71,-1.76
2752,-74.5,29.31,-38.46,-11.16,33.76,-6.84,-1.87,7.15,-75.39,-5.64
2753,-52.99,29.41,-16.74,-4.49,32.18,-3.14,-4.27,26.37,-55.58,-10.07
2754,-26.89,29.45,4.5,3.06,29.09,1.54,-6.56,40.18,-31.88,-15.16
2755,-0.09,29.65,23.35,10.28,24.13,6.11,-8.9,47.35,-7.37,-21.11
2756,23.88,30.23,38.7,16.11,17.03,9.24,-11.37,48.19,15.21,-28.12
2757,42.82,31.16,50.18,19.82,7.89,9.62,-13.79,44.18,33.98,-36.23
2758,56.08,31.94,57.94,21.28,-2.57,6.18,-15.63,37.5,48.08,-45.17
2759,64.2,31.69,62.3,20.78,-13.04,-1.64,-16.15,30.4,57.44,-54.13
2760,68.2,29.5,63.73,18.85,-21.96,-13.5,-14.76,24.77,62.38,-61.79
2761,68.98,24.75,62.76,16.0,-28.06,-28.01,-11.32,21.97,63.45,-66.5
2762,67.17,17.41,60.04,12.6,-30.83,-42.77,-6.27,22.61,61.35,-66.8
2763,63.24,8.08,56.22,8.9,-30.76,-54.99,-0.56,26.5,56.9,-61.88
2764,57.81,-2.2,51.87,5.07,-29.02,-62.36,4.76,32.59,51.03,-52.0
2765,51.76,-12.27,47.32,1.4,-26.94,-63.83,8.91,39.21,44.67,-38.45
2766,46.1,-21.23,42.64,-1.73,-25.35,-59.91,11.57,44.36,38.57,-23.16
2767,41.64,-28.71,37.77,-3.94,-24.41,-52.18,12.83,46.41,33.14,-8.16
2768,38.71,-34.93,32.69,-5.03,-23.61,-42.36,13.01,44.53,28.49,4.97
2769,37.06,-40.66,27.57,-5.12,-22.21,-31.5,12.44,39.03,24.54,15.31
2770,35.99,-46.97,22.77,-4.52,-19.7,-19.61,11.27,31.34,21.19,22.59
2771,34.76,-54.9,18.63,-3.66,-16.07,-6.1,9.6,23.52,18.42,26.95
2772,32.91,-65.12,15.32,-2.8,-11.8,9.34,7.57,17.7,16.35,28.71
2773,30.55,-77.56,12.72,-2.01,-7.64,25.95,5.39,15.39,15.11,28.27
2774,28.14,-91.11,10.42,-1.22,-4.28,41.84,3.29,17.18,14.65,26.12
2775,26.34,-103.53,7.9,-0.38,-2.06,54.51,1.45,22.53,14.69,22.84
2776,25.53,-111.8,4.75,0.45,-0.86,61.95,-0.18,30.01,14.64,19.09
2777,25.53,-112.77,0.84,1.04,-0.22,63.57,-1.82,37.67,13.82,15.43
2778,25.63,-104.2,-3.74,1.2,0.45,60.48,-3.73,43.46,11.59,12.22
2779,24.79,-85.57,-8.69,0.83,1.53,54.93,-5.99,45.77,7.66,9.63
2780,22.08,-58.52,-13.75,0.05,3.06,49.12,-8.38,43.7,2.13,7.59
2781,17.05,-26.52,-18.78,-0.94,4.73,44.25,-10.33,37.39,-4.48,5.95
2782,9.96,6.1,-23.8,-1.96,6.13,40.13,-11.19,27.87,-11.4,4.54
2783,1.65,35.39,-29.03,-2.93,6.99,35.59,-10.39,16.86,-17.95,3.21
2784,-6.74,58.67,-34.84,-3.91,7.29,29.48,-7.79,6.32,-23.75,1.86
2785,-14.29,74.91,-41.69,-5.1,7.24,21.57,-3.67,-1.9,-28.91,0.44
2786,-20.58,84.4,-49.96,-6.7,7.08,12.85,1.29,-6.33,-34.05,-1.05
2787,-25.84,88.2,-59.66,-8.84,6.78,4.98,6.27,-6.03,-40.13,-2.57
2788,-30.79,87.46,-70.09,-11.54,6.06,-0.57,10.52,-0.7,-48.06,-4.05
2789,-36.34,83.23,-79.74,-14.58,4.52,-3.33,13.58,9.08,-58.25,-5.42
2790,-43.31,76.46,-86.43,-17.49,1.91,-4.04,15.32,21.86,-70.13,-6.71
2791,-52.15,68.1,-87.87,-19.6,-1.68,-4.09,15.81,35.28,-82.0,-8.05
2792,-62.78,59.25,-82.48,-20.18,-5.8,-4.8,15.33,46.53,-91.24,-9.69
2793,-74.37,50.98,-69.98,-18.7,-9.85,-6.82,14.13,53.06,-95.04,-11.98
2794,-85.27,44.12,-51.57,-15.08,-13.35,-10.01,12.5,53.31,-91.27,-15.31
2795,-93.15,39.13,-29.6,-9.73,-16.15,-13.66,10.69,47.2,-79.29,-20.03
2796,-95.43,35.96,-6.81,-3.47,-18.3,-16.87,8.85,36.11,-60.21,-26.39
2797,-90.04,34.2,14.47,2.75,-19.92,-18.75,7.1,22.34,-36.54,-34.27
2798,-76.24,33.23,32.72,8.17,-20.94,-18.63,5.45,8.23,-11.49,-43.11
2799,-55.07,32.51,47.27,12.31,-21.02,-16.22,3.87,-4.47,11.95,-51.75
2800,-29.23,31.69,58.0,15.03,-19.69,-11.71,2.23,-14.9,31.63,-58.57
2801,-2.31,30.67,65.03,16.35,-16.64,-5.89,0.47,-22.93,46.42,-61.88
2802,22.19,29.58,68.59,16.37,-11.96,-0.1,-1.49,-28.7,56.05,-60.4
2803,41.85,28.57,69.07,15.18,-6.12,4.12,-3.6,-32.38,60.82,-53.7
2804,55.75,27.67,67.04,12.96,0.12,5.25,-5.71,-34.0,61.36,-42.42
2805,64.22,26.64,63.34,9.94,6.01,2.21,-7.48,-33.65,58.49,-28.08
2806,68.3,24.9,58.84,6.52,11.0,-5.33,-8.47,-31.64,53.28,-12.62
2807,69.09,21.79,54.24,3.14,14.81,-16.58,-8.24,-28.59,46.86,2.17
2808,67.44,16.74,49.88,0.15,17.33,-29.64,-6.5,-25.4,40.27,15.04
2809,63.94,9.57,45.71,-2.21,18.61,-41.7,-3.31,-23.0,34.29,25.33
2810,59.12,0.68,41.49,-3.88,18.82,-49.88,0.93,-22.13,29.22,32.89
2811,53.64,-9.11,36.99,-4.93,18.29,-52.16,5.53,-23.17,25.01,37.8
2812,48.23,-18.81,32.21,-5.43,17.53,-48.14,9.72,-26.15,21.42,40.22
2813,43.58,-27.62,27.42,-5.46,17.09,-39.09,12.88,-30.79,18.26,40.29
2814,40.1,-35.19,23.06,-5.03,17.36,-27.33,14.71,-36.6,15.57,38.25
2815,37.82,-41.72,19.54,-4.18,18.32,-15.02,15.2,-42.95,13.55,34.47
2816,36.44,-47.79,16.94,-3.06,19.54,-3.32,14.59,-49.02,12.39,29.49
2817,35.54,-54.2,15.0,-1.9,20.3,7.81,13.21,-53.82,12.03,24.01
2818,34.74,-61.77,13.15,-0.98,19.9,19.1,11.36,-56.26,12.08,18.74
2819,33.79,-71.15,10.7,-0.55,18.01,31.02,9.24,-55.28,11.89,14.25
2820,32.6,-82.6,7.21,-0.66,14.8,43.19,6.97,-50.09,10.81,10.83
2821,31.21,-95.6,2.58,-1.21,10.86,54.39,4.68,-40.43,8.47,8.44
2822,29.69,-108.58,-2.87,-2.01,7.02,63.19,2.47,-26.72,4.86,6.78
2823,28.13,-118.88,-8.6,-2.85,3.88,68.59,0.45,-10.12,0.33,5.43
2824,26.5,-123.27,-14.11,-3.67,1.66,70.49,-1.32,7.48,-4.64,4.01
2825,24.66,-118.92,-19.21,-4.51,0.02,69.59,-2.91,23.91,-9.65,2.35
2826,22.25,-104.43,-24.05,-5.52,-1.68,66.89,-4.45,37.09,-14.54,0.46
2827,18.79,-80.61,-29.12,-6.87,-4.07,63.15,-6.08,45.39,-19.35,-1.5
2828,13.89,-50.32,-35.1,-8.66,-7.32,58.6,-7.79,48.03,-24.34,-3.42
2829,7.45,-17.75,-42.59,-10.9,-11.04,52.99,-9.37,45.19,-29.96,-5.32
2830,-0.2,12.88,-51.89,-13.48,-14.36,46.14,-10.4,37.84,-36.74,-7.38
2831,-8.32,38.37,-62.64,-16.15,-16.33,38.19,-10.41,27.53,-45.19,-9.9
2832,-16.1,57.17,-73.7,-18.46,-16.4,29.69,-9.12,15.99,-55.46,-13.18
2833,-22.89,69.23,-83.15,-19.85,-14.57,21.33,-6.56,4.84,-66.95,-17.54
2834,-28.53,75.52,-88.66,-19.73,-11.42,13.57,-3.18,-4.62,-78.08,-23.22
2835,-33.32,77.3,-88.12,-17.65,-7.74,6.39,0.38,-11.47,-86.4,-30.27
2836,-37.89,75.79,-80.38,-13.53,-4.18,-0.48,3.44,-15.39,-89.22,-38.45
2837,-42.93,71.95,-65.66,-7.75,-1.12,-7.19,5.56,-16.58,-84.48,-46.95
2838,-49.02,66.56,-45.62,-1.09,1.38,-13.43,6.6,-15.86,-71.61,-54.43
2839,-56.46,60.27,-22.79,5.52,3.34,-18.56,6.71,-14.43,-51.81,-59.23
2840,-65.15,53.72,0.15,11.18,4.7,-21.99,6.15,-13.6,-27.81,-59.76
2841,-74.37,47.5,21.01,15.31,5.21,-23.63,5.15,-14.41,-3.02,-55.14
2842,-82.72,42.1,38.49,17.67,4.63,-23.87,3.84,-17.34,19.48,-45.53
2843,-88.13,37.85,52.04,18.29,2.81,-23.21,2.24,-22.23,37.6,-32.16
2844,-88.31,34.92,61.66,17.45,-0.08,-21.82,0.38,-28.51,50.45,-16.93
2845,-81.41,33.26,67.53,15.53,-3.53,-19.3,-1.67,-35.51,58.14,-1.84
2846,-66.81,32.65,69.94,12.92,-6.84,-15.12,-3.76,-42.72,61.3,11.66
2847,-45.53,32.79,69.33,10.04,-9.26,-9.25,-5.79,-50.02,60.74,22.81
2848,-20.12,33.32,66.35,7.2,-10.36,-2.53,-7.75,-57.51,57.27,31.51
2849,6.02,33.91,61.85,4.62,-10.11,3.53,-9.76,-65.18,51.72,37.92
2850,29.6,34.27,56.71,2.42,-8.9,7.32,-12.0,-72.56,44.99,42.18
2851,48.35,34.15,51.64,0.64,-7.38,7.78,-14.45,-78.56,37.97,44.24
2852,61.31,33.31,46.96,-0.71,-6.2,4.57,-16.86,-81.58,31.4,44.01
2853,68.77,31.57,42.64,-1.56,-5.69,-1.99,-18.64,-79.96,25.76,41.58
2854,71.68,28.72,38.41,-1.87,-5.79,-10.98,-19.12,-72.6,21.23,37.36
2855,71.16,24.6,33.99,-1.65,-6.09,-21.03,-17.77,-59.38,17.71,32.09
2856,68.13,19.13,29.36,-1.03,-6.14,-30.43,-14.49,-41.33,14.96,26.63
2857,63.31,12.34,24.8,-0.24,-5.68,-37.53,-9.66,-20.49,12.82,21.75
2858,57.33,4.44,20.81,0.4,-4.79,-41.32,-4.08,0.76,11.22,17.84
2859,50.89,-4.13,17.84,0.65,-3.89,-41.98,1.32,20.17,10.12,14.93
2860,44.76,-12.83,16.01,0.45,-3.51,-40.77,5.73,36.15,9.37,12.72
2861,39.64,-21.15,15.03,-0.1,-4.05,-39.21,8.65,47.89,8.64,10.78
2862,35.98,-28.73,14.23,-0.81,-5.62,-38.04,9.96,55.27,7.46,8.78
2863,33.9,-35.48,12.83,-1.53,-8.03,-36.62,9.82,58.68,5.38,6.63
2864,33.12,-41.59,10.25,-2.22,-10.85,-33.08,8.58,58.74,2.2,4.51
2865,33.14,-47.45,6.3,-2.9,-13.53,-25.58,6.68,56.3,-2.01,2.73
2866,33.42,-53.59,1.26,-3.65,-15.45,-13.51,4.5,52.28,-6.85,1.56
2867,33.52,-60.58,-4.37,-4.57,-16.02,1.92,2.34,47.7,-11.89,1.05
2868,33.22,-69.01,-10.09,-5.77,-14.75,18.07,0.33,43.48,-16.82,0.91
2869,32.46,-79.09,-15.6,-7.38,-11.42,32.09,-1.49,40.31,-21.6,0.59
2870,31.3,-90.37,-20.89,-9.51,-6.26,42.1,-3.2,38.45,-26.54,-0.52
2871,29.8,-101.39,-26.28,-12.14,0.06,47.65,-4.9,37.73,-32.18,-2.87
2872,27.91,-109.64,-32.28,-15.0,6.53,49.38,-6.7,37.6,-39.16,-6.67
2873,25.49,-112.13,-39.44,-17.48,12.03,48.2,-8.62,37.38,-47.91,-11.72
2874,22.27,-106.33,-48.13,-18.78,15.78,44.62,-10.56,36.64,-58.4,-17.51
2875,17.99,-91.19,-58.19,-18.17,17.5,38.85,-12.25,35.33,-69.79,-23.19
2876,12.53,-67.7,-68.72,-15.24,17.41,31.21,-13.3,33.88,-80.36,-27.65
2877,5.98,-38.79,-78.0,-10.2,15.97,22.62,-13.29,32.94,-87.65,-29.63
2878,-1.3,-8.45,-83.81,-3.78,13.61,14.7,-11.91,33.04,-89.16,-27.94
2879,-8.77,19.48,-84.05,2.92,10.56,9.14,-9.1,34.23,-83.1,-21.76
2880,-15.87,42.22,-77.45,8.89,6.99,7.02,-5.14,35.91,-69.12,-10.86
2881,-22.16,58.57,-64.06,13.43,3.13,8.17,-0.53,36.85,-48.62,4.28
2882,-27.5,68.69,-45.32,16.28,-0.47,11.2,4.09,35.63,-24.37,22.64
2883,-32.02,73.56,-23.68,17.55,-3.06,13.94,8.1,31.11,0.27,42.9
2884,-36.15,74.42,-1.81,17.47,-4.02,14.3,11.05,22.8,22.27,63.77
2885,-40.44,72.37,18.03,16.28,-3.04,11.03,12.69,11.21,39.67,84.18
2886,-45.48,68.28,34.39,14.15,-0.45,4.2,12.99,-2.19,51.74,103.24
2887,-51.72,62.87,46.72,11.23,2.95,-4.72,12.11,-15.19,58.72,120.2
2888,-59.24,56.77,55.02,7.78,6.16,-13.21,10.34,-25.24,61.37,134.45
2889,-67.52,50.57,59.68,4.15,8.34,-18.58,8.09,-30.11,60.56,145.63
2890,-75.29,44.77,61.15,0.75,9.06,-18.87,5.78,-28.44,57.02,153.89
2891,-80.63,39.71,60.0,-2.06,8.35,-13.75,3.73,-20.26,51.43,159.98
2892,-81.31,35.6,56.84,-4.07,6.49,-4.64,2.06,-7.08,44.46,165.29
2893,-75.52,32.47,52.36,-5.25,3.89,5.72,0.73,8.42,36.84,171.63
2894,-62.51,30.31,47.23,-5.68,0.9,14.36,-0.51,23.07,29.35,180.88
2895,-43.03,29.0,41.97,-5.5,-2.18,18.99,-1.89,34.09,22.63,194.48
2896,-19.31,28.39,36.91,-4.88,-5.0,18.52,-3.59,39.69,17.1,212.78
2897,5.53,28.25,32.1,-3.99,-7.12,12.97,-5.55,39.37,12.88,234.59
2898,28.31,28.29,27.53,-2.98,-8.05,3.17,-7.46,33.81,9.86,257.03
2899,46.6,28.18,23.18,-2.02,-7.36,-9.43,-8.86,24.44,7.77,276.07
2900,59.17,27.63,19.16,-1.27,-4.9,-22.77,-9.27,13.04,6.29,287.6
2901,65.94,26.46,15.67,-0.84,-0.94,-34.32,-8.33,1.39,5.09,288.79
2902,67.64,24.56,12.9,-0.84,3.78,-41.79,-5.94,-8.92,3.9,278.94
2903,65.28,21.85,10.87,-1.28,8.25,-43.87,-2.35,-16.75,2.53,259.67
2904,59.86,18.24,9.38,-2.08,11.49,-40.97,1.96,-21.47,0.81,234.02
2905,52.32,13.61,8.03,-3.12,12.93,-35.01,6.37,-23.12,-1.41,205.22
2906,43.65,7.86,6.32,-4.26,12.51,-28.43,10.27,-22.32,-4.21,175.49
2907,34.88,1.06,3.88,-5.43,10.67,-22.86,13.25,-20.13,-7.65,145.55
2908,27.13,-6.49,0.53,-6.7,8.0,-18.28,15.06,-17.66,-11.78,114.99
2909,21.24,-14.31,-3.63,-8.23,5.08,-13.33,15.71,-15.75,-16.54,83.04
2910,17.62,-21.87,-8.33,-10.17,2.19,-6.27,15.33,-14.93,-21.96,49.55
2911,16.06,-28.78,-13.25,-12.53,-0.61,3.67,14.16,-15.32,-28.09,15.36
2912,15.93,-34.89,-18.18,-15.05,-3.4,15.82,12.46,-16.8,-35.16,-17.74
2913,16.43,-40.34,-23.1,-17.22,-6.2,28.31,10.52,-19.13,-43.51,-47.58
2914,16.98,-45.51,-28.33,-18.34,-8.93,38.9,8.56,-21.98,-53.28,-72.26
2915,17.4,-50.95,-34.45,-17.78,-11.42,45.87,6.75,-24.92,-64.16,-90.46
2916,17.84,-57.25,-42.11,-15.21,-13.52,48.43,5.15,-27.51,-74.97,-101.69
2917,18.54,-64.95,-51.62,-10.74,-15.11,46.82,3.71,-29.37,-83.7,-106.02
2918,19.57,-74.19,-62.55,-4.95,-16.12,42.05,2.3,-30.29,-87.96,-103.86
2919,20.57,-84.43,-73.44,1.29,-16.49,35.39,0.76,-30.34,-85.69,-95.82
2920,20.87,-94.21,-81.94,7.07,-16.11,27.9,-0.97,-29.72,-75.89,-82.85
2921,19.7,-101.2,-85.43,11.65,-14.93,20.06,-2.87,-28.67,-59.1,-66.41
2922,16.53,-102.75,-81.89,14.66,-13.01,11.82,-4.72,-27.23,-37.27,-48.65
2923,11.34,-96.66,-70.7,16.07,-10.66,3.11,-6.16,-25.25,-13.19,-32.16
2924,4.6,-82.11,-52.94,16.09,-8.32,-5.6,-6.78,-22.54,10.24,-19.41
2925,-2.83,-60.09,-31.1,15.01,-6.55,-13.08,-6.21,-19.05,30.66,-12.01
2926,-10.02,-33.31,-8.23,13.09,-5.74,-17.71,-4.31,-15.0,46.59,-10.13
2927,-16.31,-5.47,12.95,10.53,-6.0,-18.48,-1.19,-10.74,57.43,-12.61
2928,-21.5,19.86,30.71,7.55,-7.15,-15.78,2.75,-6.53,63.32,-17.51
2929,-25.86,40.11,44.41,4.5,-8.73,-11.57,6.91,-2.2,64.86,-23.02
2930,-30.02,54.23,54.13,1.79,-10.14,-8.43,10.68,2.84,62.88,-28.18
2931,-34.78,62.44,60.33,-0.2,-10.9,-8.29,13.5,9.3,58.31,-33.06
2932,-40.84,65.73,63.37,-1.27,-10.68,-11.5,15.09,17.66,52.06,-38.43
2933,-48.63,65.2,63.55,-1.47,-9.41,-16.74,15.4,27.7,44.92,-45.08
2934,-57.94,61.71,61.22,-1.09,-7.2,-21.94,14.63,38.35,37.57,-53.23
2935,-67.75,55.9,56.88,-0.52,-4.32,-25.45,13.1,48.08,30.58,-62.32
2936,-76.18,48.39,51.19,-0.12,-1.1,-26.7,11.15,55.4,24.42,-71.18
2937,-80.8,39.97,44.84,-0.09,2.1,-26.33,9.1,59.39,19.44,-78.64
2938,-79.31,31.65,38.38,-0.49,4.95,-25.6,7.15,59.99,15.81,-84.02
2939,-70.37,24.48,32.15,-1.25,7.18,-25.92,5.34,57.77,13.48,-87.35
2940,-54.17,19.24,26.36,-2.24,8.65,-28.36,3.69,53.6,12.21,-89.27
2941,-32.54,16.19,21.13,-3.34,9.37,-33.46,2.11,48.26,11.57,-90.7
2942,-8.45,15.08,16.61,-4.42,9.42,-40.8,0.54,42.19,11.08,-92.36
2943,14.9,15.26,12.92,-5.37,9.01,-48.87,-1.04,35.54,10.32,-94.51
2944,34.91,16.04,10.04,-6.14,8.33,-55.25,-2.65,28.31,8.94,-96.86
2945,50.1,16.83,7.77,-6.76,7.59,-57.43,-4.25,20.56,6.74,-98.79
2946,60.03,17.44,5.66,-7.39,6.9,-53.94,-5.81,12.45,3.65,-99.55
2947,65.05,17.89,3.26,-8.27,6.3,-45.33,-7.23,4.32,-0.27,-98.63
2948,65.83,18.34,0.15,-9.68,5.7,-34.03,-8.29,-3.41,-4.84,-95.92
2949,63.13,18.84,-3.83,-11.75,4.96,-23.34,-8.69,-10.2,-9.84,-91.89
2950,57.79,19.19,-8.57,-14.37,4.0,-15.69,-8.13,-15.47,-15.11,-87.49
2951,50.72,18.87,-13.8,-17.07,2.87,-11.61,-6.43,-18.79,-20.66,-84.03
2952,42.99,17.26,-19.23,-19.14,1.75,-9.59,-3.66,-20.02,-26.85,-82.83
2953,35.63,13.79,-24.68,-19.75,0.89,-7.2,-0.24,-19.5,-34.25,-84.89
2954,29.49,8.24,-30.22,-18.27,0.48,-2.56,3.24,-18.13,-43.48,-90.41
2955,25.0,0.89,-36.19,-14.49,0.58,4.7,6.17,-17.03,-54.77,-98.59
2956,22.1,-7.53,-43.11,-8.67,1.02,13.29,8.1,-17.17,-67.56,-107.64
2957,20.34,-16.04,-51.54,-1.61,1.48,21.16,8.89,-19.02,-80.27,-115.24
2958,19.1,-23.72,-61.71,5.71,1.59,26.64,8.67,-22.43,-90.44,-119.16
2959,17.86,-30.0,-73.18,12.3,1.11,29.32,7.68,-26.8,-95.33,-118.1
2960,16.43,-34.83,-84.61,17.44,0.01,30.05,6.18,-31.42,-92.77,-112.05
2961,15.01,-38.66,-93.82,20.77,-1.44,30.34,4.37,-35.72,-81.88,-102.26
2962,14.01,-42.27,-98.34,22.24,-2.79,31.33,2.35,-39.27,-63.47,-90.72
2963,13.73,-46.65,-96.08,22.03,-3.58,33.13,0.25,-41.66,-39.87,-79.42
2964,14.08,-52.67,-86.1,20.44,-3.5,34.77,-1.79,-42.39,-14.23,-69.69
2965,14.47,-60.77,-69.01,17.81,-2.51,34.82,-3.6,-40.79,10.28,-62.02
2966,13.98,-70.75,-46.76,14.53,-0.81,32.28,-5.13,-36.47,31.2,-56.32
2967,11.69,-81.44,-22.09,11.02,1.31,27.26,-6.43,-29.71,47.16,-52.36
2968,7.14,-90.77,2.27,7.74,3.5,20.87,-7.77,-21.69,57.81,-50.18
2969,0.51,-96.06,24.2,5.11,5.51,14.58,-9.4,-14.31,63.49,-50.12
2970,-7.43,-94.81,42.42,3.47,7.19,9.37,-11.44,-9.69,64.9,-52.55
2971,-15.56,-85.48,56.4,2.95,8.43,5.17,-13.66,-9.41,62.83,-57.35
2972,-22.86,-68.12,66.11,3.49,9.13,1.01,-15.51,-13.97,58.11,-63.84
2973,-28.8,-44.64,71.78,4.81,9.18,-4.1,-16.3,-22.65,51.58,-70.7
2974,-33.48,-18.18,73.83,6.57,8.54,-10.38,-15.49,-33.92,44.11,-76.54
2975,-37.59,7.64,72.94,8.43,7.25,-16.79,-12.96,-45.97,36.48,-80.33
2976,-42.19,29.84,69.96,10.15,5.47,-21.43,-9.12,-57.33,29.37,-81.79
2977,-48.28,46.62,65.78,11.58,3.36,-22.48,-4.71,-66.93,23.27,-81.29
2978,-56.5,57.52,61.1,12.66,1.07,-19.19,-0.62,-74.09,18.42,-79.61
2979,-66.58,63.08,56.27,13.29,-1.3,-12.34,2.47,-78.29,14.87,-77.49
2980,-77.26,64.21,51.32,13.39,-3.73,-3.95,4.21,-78.95,12.52,-75.33
2981,-86.27,61.78,46.07,12.86,-6.21,3.64,4.61,-75.67,11.14,-73.2
2982,-90.83,56.53,40.44,11.71,-8.69,8.77,3.95,-68.52,10.45,-71.01
2983,-88.48,49.17,34.59,10.11,-11.04,10.89,2.59,-58.38,10.04,-68.73
2984,-77.9,40.53,28.94,8.27,-13.1,10.29,0.89,-46.95,9.47,-66.5
2985,-59.52,31.69,24.0,6.41,-14.6,7.42,-0.89,-36.47,8.37,-64.63
2986,-35.55,23.78,20.06,4.53,-15.39,2.33,-2.61,-29.13,6.49,-63.36
2987,-9.31,17.68,17.05,2.56,-15.39,-5.15,-4.18,-26.62,3.75,-62.86
2988,15.7,13.79,14.51,0.36,-14.73,-14.63,-5.65,-29.74,0.26,-63.2
2989,36.73,11.91,11.75,-1.99,-13.75,-24.47,-7.07,-38.4,-3.82,-64.49
2990,52.3,11.48,8.17,-4.14,-12.81,-31.94,-8.55,-51.73,-8.39,-66.91
2991,62.17,11.8,3.52,-5.49,-12.21,-34.31,-10.18,-68.28,-13.48,-70.57
2992,66.92,12.38,-2.1,-5.41,-12.01,-30.4,-11.98,-86.21,-19.43,-75.2
2993,67.48,13.02,-8.29,-3.48,-11.99,-21.58,-13.82,-103.36,-26.73,-79.91
2994,64.78,13.82,-14.59,0.26,-11.75,-11.19,-15.38,-117.4,-35.9,-83.12
2995,59.73,14.91,-20.71,5.36,-10.91,-2.98,-16.18,-125.96,-47.1,-82.92
2996,53.23,16.17,-26.63,11.11,-9.27,0.99,-15.72,-127.13,-59.8,-77.75
2997,46.26,17.18,-32.67,16.73,-6.9,1.25,-13.63,-119.83,-72.5,-66.99
2998,39.75,17.21,-39.37,21.56,-4.13,0.44,-9.91,-104.14,-82.9,-51.34
2999,34.37,15.46,-47.44,25.09,-1.38,1.54,-4.97,-81.48,-88.4,-32.55
3000,30.37,11.37,-57.42,27.02,0.98,6.03,0.44,-54.23,-86.89,-12.87
3001,27.51,4.89,-69.41,27.14,2.72,12.93,5.46,-25.27,-77.41,5.65
